Source,Target,Lag,Lag_min,Val_corr,P_value,HH_ID
Activity_IR,Activity_IR,1,10,0.416,0.0,A0002
HeartRate,Activity_IR,1,10,0.0349,0.0108,A0002
BreathRate,Activity_IR,1,10,0.0332,0.0025,A0002
StressIndex,Activity_IR,1,10,0.0052,0.0129,A0002
Temperature,Activity_IR,1,10,0.0016,0.0417,A0002
Humidity,Activity_IR,1,10,-0.0636,0.0005,A0002
CO2,Activity_IR,1,10,0.0185,0.0489,A0002
TVOC,Activity_IR,1,10,-0.0163,0.0246,A0002
Risk_bin,Activity_IR,1,10,-0.0498,0.008,A0002
Activity_IR,Activity_IR,2,20,0.0352,0.0,A0002
HeartRate,Activity_IR,2,20,0.0121,0.0111,A0002
BreathRate,Activity_IR,2,20,-0.0147,0.0203,A0002
Temperature,Activity_IR,2,20,0.0299,0.0132,A0002
Humidity,Activity_IR,2,20,-0.0098,0.0333,A0002
CO2,Activity_IR,2,20,-0.0337,0.022,A0002
TVOC,Activity_IR,2,20,-0.0416,0.0253,A0002
Risk_bin,Activity_IR,2,20,-0.0232,0.0304,A0002
Activity_IR,Activity_IR,3,30,0.0457,0.0229,A0002
HeartRate,Activity_IR,3,30,0.0046,0.0058,A0002
Temperature,Activity_IR,3,30,0.0175,0.0262,A0002
Activity_IR,Activity_IR,4,40,0.006,0.0018,A0002
BreathRate,Activity_IR,4,40,-0.0085,0.0308,A0002
StressIndex,Activity_IR,4,40,0.005,0.0367,A0002
Temperature,Activity_IR,4,40,0.0189,0.0291,A0002
HeartRate,Activity_IR,5,50,0.0069,0.038,A0002
Humidity,Activity_IR,5,50,-0.0274,0.001,A0002
Activity_IR,Activity_IR,6,60,0.0303,0.023,A0002
HeartRate,Activity_IR,6,60,-0.0085,0.021,A0002
StressIndex,Activity_IR,6,60,0.0256,0.0131,A0002
Activity_IR,BreathRate,1,10,0.0313,0.0383,A0002
HeartRate,BreathRate,1,10,0.0627,0.0163,A0002
BreathRate,BreathRate,1,10,0.5085,0.0,A0002
StressIndex,BreathRate,1,10,-0.0917,0.0,A0002
Humidity,BreathRate,1,10,-0.0304,0.0119,A0002
CO2,BreathRate,1,10,0.021,0.0041,A0002
TVOC,BreathRate,1,10,0.0326,0.0036,A0002
Risk_bin,BreathRate,1,10,-0.0579,0.0192,A0002
HeartRate,BreathRate,2,20,0.0528,0.0008,A0002
BreathRate,BreathRate,2,20,0.0566,0.0198,A0002
Humidity,BreathRate,2,20,0.0169,0.002,A0002
TVOC,BreathRate,2,20,-0.0068,0.0087,A0002
BreathRate,BreathRate,3,30,-0.0038,0.0403,A0002
Risk_bin,BreathRate,3,30,-0.0053,0.0498,A0002
HeartRate,BreathRate,4,40,-0.0045,0.0208,A0002
BreathRate,BreathRate,4,40,0.0289,0.003,A0002
CO2,BreathRate,4,40,-0.0179,0.0357,A0002
Risk_bin,BreathRate,4,40,-0.0241,0.0224,A0002
BreathRate,BreathRate,5,50,-0.0023,0.002,A0002
CO2,BreathRate,5,50,0.012,0.0276,A0002
TVOC,BreathRate,5,50,0.0085,0.0245,A0002
Risk_bin,BreathRate,5,50,-0.011,0.0474,A0002
BreathRate,BreathRate,6,60,-0.0052,0.01,A0002
StressIndex,BreathRate,6,60,-0.0016,0.0101,A0002
CO2,BreathRate,6,60,0.002,0.0045,A0002
Risk_bin,BreathRate,6,60,-0.0394,0.0015,A0002
Activity_IR,CO2,1,10,0.0279,0.0081,A0002
BreathRate,CO2,1,10,-0.0088,0.0174,A0002
StressIndex,CO2,1,10,0.0127,0.0099,A0002
Temperature,CO2,1,10,-0.0143,0.0355,A0002
CO2,CO2,1,10,0.062,0.002,A0002
TVOC,CO2,1,10,-0.0128,0.0238,A0002
Activity_IR,CO2,2,20,0.0113,0.0124,A0002
HeartRate,CO2,2,20,-0.0322,0.0384,A0002
StressIndex,CO2,2,20,0.0189,0.0349,A0002
CO2,CO2,2,20,0.016,0.0012,A0002
TVOC,CO2,2,20,-0.0315,0.0,A0002
HeartRate,CO2,3,30,0.0263,0.0439,A0002
BreathRate,CO2,3,30,0.0052,0.0051,A0002
Temperature,CO2,3,30,-0.0358,0.0026,A0002
Humidity,CO2,3,30,-0.013,0.0017,A0002
CO2,CO2,3,30,0.0106,0.0007,A0002
TVOC,CO2,3,30,-0.0045,0.001,A0002
HeartRate,CO2,4,40,-0.0101,0.0247,A0002
StressIndex,CO2,4,40,-0.0017,0.0001,A0002
Humidity,CO2,4,40,0.0159,0.0027,A0002
CO2,CO2,4,40,0.0466,0.0083,A0002
TVOC,CO2,4,40,0.0181,0.0069,A0002
BreathRate,CO2,5,50,-0.012,0.0467,A0002
Temperature,CO2,5,50,-0.0139,0.0165,A0002
Humidity,CO2,5,50,-0.003,0.0005,A0002
CO2,CO2,5,50,0.0287,0.007,A0002
HeartRate,CO2,6,60,0.0181,0.0113,A0002
Humidity,CO2,6,60,-0.0151,0.0182,A0002
TVOC,CO2,6,60,0.0297,0.0,A0002
Risk_bin,CO2,6,60,-0.0054,0.0226,A0002
Activity_IR,HeartRate,1,10,0.0182,0.0027,A0002
HeartRate,HeartRate,1,10,0.3752,0.0,A0002
BreathRate,HeartRate,1,10,0.1173,0.0,A0002
StressIndex,HeartRate,1,10,-0.0444,0.0498,A0002
Risk_bin,HeartRate,1,10,-0.0281,0.0201,A0002
Activity_IR,HeartRate,2,20,0.0227,0.0266,A0002
HeartRate,HeartRate,2,20,0.0785,0.0008,A0002
BreathRate,HeartRate,2,20,0.0033,0.013,A0002
Temperature,HeartRate,2,20,-0.0155,0.0219,A0002
CO2,HeartRate,2,20,-0.0026,0.0002,A0002
TVOC,HeartRate,2,20,-0.0142,0.0206,A0002
Risk_bin,HeartRate,2,20,-0.0165,0.0282,A0002
Activity_IR,HeartRate,3,30,0.0001,0.002,A0002
HeartRate,HeartRate,3,30,0.1012,0.0,A0002
BreathRate,HeartRate,3,30,-0.0268,0.0096,A0002
StressIndex,HeartRate,3,30,0.0084,0.0323,A0002
Temperature,HeartRate,3,30,0.0028,0.0309,A0002
CO2,HeartRate,3,30,-0.0051,0.0378,A0002
Risk_bin,HeartRate,3,30,-0.0414,0.0182,A0002
Activity_IR,HeartRate,4,40,-0.0013,0.0,A0002
HeartRate,HeartRate,4,40,-0.0079,0.0082,A0002
Temperature,HeartRate,4,40,-0.0226,0.043,A0002
CO2,HeartRate,4,40,-0.027,0.0309,A0002
Activity_IR,HeartRate,5,50,0.0029,0.0009,A0002
BreathRate,HeartRate,5,50,-0.0359,0.0148,A0002
StressIndex,HeartRate,5,50,0.0096,0.0262,A0002
Humidity,HeartRate,5,50,0.0457,0.0182,A0002
CO2,HeartRate,5,50,0.002,0.0191,A0002
TVOC,HeartRate,5,50,-0.0036,0.025,A0002
Risk_bin,HeartRate,5,50,-0.0199,0.0109,A0002
Activity_IR,HeartRate,6,60,-0.0132,0.0267,A0002
HeartRate,HeartRate,6,60,-0.0022,0.02,A0002
BreathRate,HeartRate,6,60,0.0113,0.0048,A0002
StressIndex,HeartRate,6,60,-0.0285,0.0083,A0002
Temperature,HeartRate,6,60,0.0259,0.0022,A0002
Humidity,HeartRate,6,60,0.0061,0.045,A0002
Risk_bin,HeartRate,6,60,-0.0152,0.0073,A0002
Activity_IR,Humidity,1,10,0.0527,0.0,A0002
HeartRate,Humidity,1,10,-0.0087,0.0232,A0002
StressIndex,Humidity,1,10,0.0056,0.0018,A0002
Temperature,Humidity,1,10,-0.1283,0.0,A0002
Humidity,Humidity,1,10,0.6916,0.0,A0002
CO2,Humidity,1,10,0.1052,0.0,A0002
TVOC,Humidity,1,10,-0.0379,0.0002,A0002
Activity_IR,Humidity,2,20,-0.0638,0.0,A0002
BreathRate,Humidity,2,20,-0.0009,0.0482,A0002
StressIndex,Humidity,2,20,-0.0157,0.0391,A0002
Temperature,Humidity,2,20,-0.0157,0.014,A0002
Humidity,Humidity,2,20,0.0049,0.001,A0002
Activity_IR,Humidity,3,30,0.0293,0.0322,A0002
BreathRate,Humidity,3,30,-0.034,0.0234,A0002
Temperature,Humidity,3,30,-0.004,0.0044,A0002
Humidity,Humidity,3,30,-0.0094,0.0053,A0002
TVOC,Humidity,3,30,0.0006,0.0343,A0002
Risk_bin,Humidity,3,30,0.0154,0.0403,A0002
HeartRate,Humidity,4,40,0.0445,0.0159,A0002
BreathRate,Humidity,4,40,-0.021,0.0203,A0002
StressIndex,Humidity,4,40,-0.0363,0.0002,A0002
CO2,Humidity,4,40,-0.0024,0.0088,A0002
TVOC,Humidity,4,40,-0.0038,0.0422,A0002
Activity_IR,Humidity,5,50,0.0189,0.0404,A0002
HeartRate,Humidity,5,50,0.0071,0.0032,A0002
Humidity,Humidity,5,50,-0.0122,0.0089,A0002
TVOC,Humidity,5,50,-0.0163,0.0398,A0002
Risk_bin,Humidity,5,50,-0.0121,0.0337,A0002
Activity_IR,Humidity,6,60,-0.0157,0.0007,A0002
HeartRate,Humidity,6,60,0.0212,0.0256,A0002
Temperature,Humidity,6,60,0.019,0.0446,A0002
Humidity,Humidity,6,60,0.0399,0.0085,A0002
Activity_IR,Risk_bin,1,10,0.0033,0.0082,A0002
CO2,Risk_bin,1,10,-0.0124,0.0448,A0002
Risk_bin,Risk_bin,1,10,0.3477,0.0,A0002
HeartRate,Risk_bin,2,20,-0.0197,0.0283,A0002
BreathRate,Risk_bin,2,20,-0.01,0.0189,A0002
Temperature,Risk_bin,2,20,-0.008,0.0476,A0002
Risk_bin,Risk_bin,2,20,0.1518,0.0,A0002
BreathRate,Risk_bin,3,30,-0.0272,0.0112,A0002
Risk_bin,Risk_bin,3,30,0.0033,0.0,A0002
BreathRate,Risk_bin,4,40,-0.0172,0.0163,A0002
StressIndex,Risk_bin,4,40,-0.0072,0.0163,A0002
CO2,Risk_bin,4,40,-0.0088,0.029,A0002
TVOC,Risk_bin,4,40,0.0169,0.0015,A0002
Risk_bin,Risk_bin,4,40,0.0229,0.0032,A0002
HeartRate,Risk_bin,5,50,-0.0241,0.0154,A0002
BreathRate,Risk_bin,5,50,-0.0472,0.0087,A0002
Risk_bin,Risk_bin,5,50,0.0353,0.0216,A0002
CO2,Risk_bin,6,60,-0.023,0.0053,A0002
Activity_IR,StressIndex,1,10,-0.0086,0.0272,A0002
HeartRate,StressIndex,1,10,-0.0889,0.0002,A0002
StressIndex,StressIndex,1,10,0.1934,0.0,A0002
Temperature,StressIndex,1,10,0.0128,0.0007,A0002
TVOC,StressIndex,1,10,0.0149,0.0149,A0002
Risk_bin,StressIndex,1,10,-0.0118,0.0391,A0002
BreathRate,StressIndex,2,20,-0.0172,0.0427,A0002
StressIndex,StressIndex,2,20,0.1327,0.0,A0002
Temperature,StressIndex,2,20,0.0056,0.0064,A0002
Humidity,StressIndex,2,20,-0.0086,0.0378,A0002
Activity_IR,StressIndex,3,30,-0.0025,0.0075,A0002
StressIndex,StressIndex,3,30,0.0806,0.0,A0002
CO2,StressIndex,3,30,0.023,0.0174,A0002
TVOC,StressIndex,3,30,-0.0104,0.0198,A0002
Activity_IR,StressIndex,4,40,-0.0037,0.0204,A0002
BreathRate,StressIndex,4,40,0.0233,0.0339,A0002
StressIndex,StressIndex,4,40,0.0737,0.0,A0002
Risk_bin,StressIndex,4,40,-0.0297,0.0145,A0002
Activity_IR,StressIndex,5,50,0.0073,0.0237,A0002
StressIndex,StressIndex,5,50,0.0275,0.042,A0002
Temperature,StressIndex,5,50,-0.0088,0.026,A0002
Humidity,StressIndex,5,50,-0.0025,0.01,A0002
CO2,StressIndex,5,50,-0.0056,0.0004,A0002
TVOC,StressIndex,5,50,0.0141,0.0005,A0002
Activity_IR,StressIndex,6,60,0.0036,0.0071,A0002
HeartRate,StressIndex,6,60,-0.019,0.0027,A0002
StressIndex,StressIndex,6,60,0.0144,0.0075,A0002
Risk_bin,StressIndex,6,60,-0.0026,0.0229,A0002
BreathRate,TVOC,1,10,-0.0083,0.0105,A0002
StressIndex,TVOC,1,10,0.0212,0.0072,A0002
Humidity,TVOC,1,10,-0.0317,0.0381,A0002
CO2,TVOC,1,10,0.0572,0.0003,A0002
Activity_IR,TVOC,2,20,-0.0057,0.0217,A0002
BreathRate,TVOC,2,20,-0.0238,0.032,A0002
StressIndex,TVOC,2,20,0.012,0.0336,A0002
CO2,TVOC,2,20,0.0069,0.0019,A0002
TVOC,TVOC,2,20,0.0071,0.0,A0002
BreathRate,TVOC,3,30,0.0065,0.0123,A0002
Temperature,TVOC,3,30,-0.0326,0.0025,A0002
Humidity,TVOC,3,30,-0.0187,0.0009,A0002
CO2,TVOC,3,30,0.0112,0.0001,A0002
TVOC,TVOC,3,30,-0.0026,0.0012,A0002
StressIndex,TVOC,4,40,0.0029,0.0014,A0002
Humidity,TVOC,4,40,0.0091,0.0031,A0002
CO2,TVOC,4,40,0.0378,0.0029,A0002
TVOC,TVOC,4,40,0.0145,0.0113,A0002
Temperature,TVOC,5,50,-0.0292,0.0243,A0002
Humidity,TVOC,5,50,-0.001,0.0002,A0002
CO2,TVOC,5,50,0.0193,0.0387,A0002
HeartRate,TVOC,6,60,0.0021,0.0254,A0002
BreathRate,TVOC,6,60,-0.0011,0.0314,A0002
Temperature,TVOC,6,60,-0.0187,0.0133,A0002
Humidity,TVOC,6,60,-0.0163,0.0056,A0002
TVOC,TVOC,6,60,0.0165,0.0005,A0002
Activity_IR,Temperature,1,10,0.0224,0.0002,A0002
HeartRate,Temperature,1,10,0.01,0.0024,A0002
StressIndex,Temperature,1,10,-0.0086,0.0054,A0002
Temperature,Temperature,1,10,0.7931,0.0,A0002
Humidity,Temperature,1,10,0.1241,0.0,A0002
CO2,Temperature,1,10,0.0824,0.0041,A0002
TVOC,Temperature,1,10,0.059,0.0177,A0002
Risk_bin,Temperature,1,10,-0.0263,0.0491,A0002
Activity_IR,Temperature,2,20,-0.1288,0.0,A0002
BreathRate,Temperature,2,20,-0.0037,0.0016,A0002
StressIndex,Temperature,2,20,-0.0208,0.0008,A0002
Temperature,Temperature,2,20,-0.1985,0.0,A0002
Humidity,Temperature,2,20,-0.0761,0.0003,A0002
CO2,Temperature,2,20,0.0093,0.0274,A0002
Activity_IR,Temperature,3,30,0.0116,0.0019,A0002
HeartRate,Temperature,3,30,0.0008,0.0023,A0002
Humidity,Temperature,3,30,-0.0115,0.0414,A0002
Risk_bin,Temperature,3,30,-0.0014,0.0139,A0002
Activity_IR,Temperature,4,40,0.0449,0.0005,A0002
HeartRate,Temperature,4,40,0.0052,0.0486,A0002
Humidity,Temperature,4,40,-0.0245,0.0399,A0002
Risk_bin,Temperature,4,40,0.0126,0.0322,A0002
StressIndex,Temperature,5,50,-0.0141,0.0306,A0002
Humidity,Temperature,5,50,-0.0538,0.0278,A0002
CO2,Temperature,5,50,-0.0038,0.0146,A0002
TVOC,Temperature,5,50,-0.0128,0.0111,A0002
Risk_bin,Temperature,5,50,0.0143,0.0137,A0002
HeartRate,Temperature,6,60,-0.0063,0.037,A0002
StressIndex,Temperature,6,60,0.0121,0.0004,A0002
Temperature,Temperature,6,60,-0.0109,0.0032,A0002
CO2,Temperature,6,60,-0.0046,0.0376,A0002
Activity_IR,Activity_IR,1,10,0.3234,0.0,A0003
HeartRate,Activity_IR,1,10,-0.0003,0.0007,A0003
StressIndex,Activity_IR,1,10,0.0029,0.0057,A0003
Humidity,Activity_IR,1,10,-0.0051,0.0009,A0003
CO2,Activity_IR,1,10,-0.0173,0.0143,A0003
TVOC,Activity_IR,1,10,-0.0165,0.0159,A0003
Risk_bin,Activity_IR,1,10,-0.0574,0.0035,A0003
Activity_IR,Activity_IR,2,20,0.0222,0.0016,A0003
CO2,Activity_IR,2,20,-0.018,0.0057,A0003
TVOC,Activity_IR,2,20,-0.0193,0.007,A0003
Risk_bin,Activity_IR,2,20,-0.0127,0.006,A0003
Activity_IR,Activity_IR,3,30,0.0292,0.0025,A0003
BreathRate,Activity_IR,3,30,0.0011,0.0488,A0003
Temperature,Activity_IR,3,30,0.0245,0.0354,A0003
Humidity,Activity_IR,3,30,0.0027,0.0475,A0003
CO2,Activity_IR,3,30,0.0139,0.0132,A0003
TVOC,Activity_IR,3,30,0.0158,0.0123,A0003
HeartRate,Activity_IR,4,40,-0.0041,0.0499,A0003
StressIndex,Activity_IR,4,40,-0.0047,0.049,A0003
Temperature,Activity_IR,4,40,0.0257,0.0166,A0003
Humidity,Activity_IR,4,40,0.0384,0.0294,A0003
TVOC,Activity_IR,4,40,-0.0238,0.0468,A0003
Activity_IR,Activity_IR,5,50,0.0173,0.0086,A0003
HeartRate,Activity_IR,5,50,-0.029,0.0113,A0003
Humidity,Activity_IR,5,50,-0.0146,0.0163,A0003
Activity_IR,Activity_IR,6,60,0.0252,0.0248,A0003
StressIndex,Activity_IR,6,60,0.0161,0.0192,A0003
Temperature,Activity_IR,6,60,0.01,0.0137,A0003
BreathRate,BreathRate,1,10,0.2594,0.0,A0003
Humidity,BreathRate,1,10,-0.0096,0.0246,A0003
CO2,BreathRate,1,10,0.0209,0.0309,A0003
TVOC,BreathRate,1,10,0.0143,0.0205,A0003
Activity_IR,BreathRate,2,20,-0.0079,0.0196,A0003
BreathRate,BreathRate,2,20,0.0943,0.0,A0003
Temperature,BreathRate,2,20,0.0208,0.0151,A0003
Humidity,BreathRate,2,20,-0.0153,0.016,A0003
HeartRate,BreathRate,3,30,0.0031,0.0142,A0003
BreathRate,BreathRate,3,30,0.0776,0.0,A0003
Humidity,BreathRate,3,30,0.0125,0.0425,A0003
Activity_IR,BreathRate,4,40,0.0084,0.0198,A0003
BreathRate,BreathRate,4,40,0.0257,0.0234,A0003
StressIndex,BreathRate,4,40,-0.0116,0.0376,A0003
BreathRate,BreathRate,5,50,0.0235,0.0397,A0003
StressIndex,BreathRate,5,50,0.0268,0.028,A0003
Temperature,BreathRate,5,50,0.0116,0.0204,A0003
Risk_bin,BreathRate,5,50,0.0029,0.0334,A0003
Activity_IR,BreathRate,6,60,0.0079,0.0105,A0003
Temperature,BreathRate,6,60,0.0026,0.0228,A0003
Humidity,BreathRate,6,60,-0.0155,0.0472,A0003
CO2,BreathRate,6,60,-0.0144,0.0086,A0003
TVOC,BreathRate,6,60,-0.0028,0.0094,A0003
StressIndex,CO2,1,10,-0.0005,0.0292,A0003
Temperature,CO2,1,10,0.0247,0.0207,A0003
Humidity,CO2,1,10,-0.0307,0.0304,A0003
CO2,CO2,1,10,0.0925,0.0,A0003
TVOC,CO2,1,10,-0.0447,0.0003,A0003
Activity_IR,CO2,2,20,0.034,0.0238,A0003
HeartRate,CO2,2,20,0.0088,0.0409,A0003
StressIndex,CO2,2,20,0.0345,0.0221,A0003
Temperature,CO2,2,20,-0.004,0.0267,A0003
Humidity,CO2,2,20,-0.0234,0.0268,A0003
CO2,CO2,2,20,0.0497,0.0,A0003
TVOC,CO2,2,20,-0.0296,0.0008,A0003
Risk_bin,CO2,2,20,-0.0207,0.0001,A0003
Activity_IR,CO2,3,30,0.0036,0.0451,A0003
HeartRate,CO2,3,30,0.0164,0.0171,A0003
Temperature,CO2,3,30,-0.0129,0.0353,A0003
CO2,CO2,3,30,0.0571,0.0011,A0003
TVOC,CO2,3,30,-0.0049,0.0014,A0003
Activity_IR,CO2,4,40,-0.0101,0.0445,A0003
CO2,CO2,4,40,-0.0031,0.0054,A0003
TVOC,CO2,4,40,0.0133,0.0013,A0003
Risk_bin,CO2,4,40,-0.0151,0.0168,A0003
HeartRate,CO2,5,50,0.0076,0.0031,A0003
StressIndex,CO2,5,50,0.0252,0.0321,A0003
Temperature,CO2,5,50,-0.0256,0.0123,A0003
CO2,CO2,5,50,-0.0176,0.0003,A0003
TVOC,CO2,5,50,0.0037,0.001,A0003
Risk_bin,CO2,5,50,0.0034,0.0333,A0003
HeartRate,CO2,6,60,-0.0035,0.0051,A0003
Humidity,CO2,6,60,-0.0215,0.0281,A0003
Risk_bin,CO2,6,60,-0.0336,0.0079,A0003
HeartRate,HeartRate,1,10,0.462,0.0,A0003
BreathRate,HeartRate,1,10,0.013,0.0332,A0003
StressIndex,HeartRate,1,10,-0.0611,0.0006,A0003
Temperature,HeartRate,1,10,-0.0005,0.0489,A0003
Humidity,HeartRate,1,10,0.007,0.0093,A0003
CO2,HeartRate,1,10,0.0083,0.0008,A0003
TVOC,HeartRate,1,10,0.0165,0.0011,A0003
Risk_bin,HeartRate,1,10,-0.0481,0.0009,A0003
HeartRate,HeartRate,2,20,0.1238,0.0,A0003
StressIndex,HeartRate,2,20,-0.019,0.0007,A0003
Humidity,HeartRate,2,20,-0.0225,0.0471,A0003
CO2,HeartRate,2,20,-0.0183,0.0131,A0003
TVOC,HeartRate,2,20,0.0092,0.0076,A0003
HeartRate,HeartRate,3,30,0.0862,0.0,A0003
HeartRate,HeartRate,4,40,0.0252,0.0133,A0003
CO2,HeartRate,4,40,-0.0043,0.0488,A0003
Risk_bin,HeartRate,4,40,-0.0113,0.0406,A0003
HeartRate,HeartRate,5,50,-0.0001,0.0458,A0003
StressIndex,HeartRate,5,50,0.0173,0.0361,A0003
HeartRate,HeartRate,6,60,0.0217,0.0001,A0003
BreathRate,HeartRate,6,60,-0.0093,0.0355,A0003
StressIndex,HeartRate,6,60,-0.0077,0.0353,A0003
Risk_bin,HeartRate,6,60,0.0021,0.0391,A0003
Activity_IR,Humidity,1,10,-0.1215,0.0,A0003
HeartRate,Humidity,1,10,0.0016,0.0318,A0003
Temperature,Humidity,1,10,-0.0761,0.0,A0003
Humidity,Humidity,1,10,0.7079,0.0,A0003
CO2,Humidity,1,10,0.0684,0.0,A0003
TVOC,Humidity,1,10,0.022,0.0064,A0003
Risk_bin,Humidity,1,10,0.0557,0.028,A0003
Temperature,Humidity,2,20,-0.0471,0.0,A0003
Humidity,Humidity,2,20,-0.0504,0.0,A0003
Activity_IR,Humidity,3,30,0.0199,0.0162,A0003
StressIndex,Humidity,3,30,-0.0282,0.0426,A0003
Temperature,Humidity,3,30,-0.0505,0.0001,A0003
Humidity,Humidity,3,30,0.0067,0.0417,A0003
CO2,Humidity,3,30,-0.024,0.0026,A0003
TVOC,Humidity,3,30,-0.0228,0.0041,A0003
Activity_IR,Humidity,4,40,-0.0059,0.0065,A0003
BreathRate,Humidity,4,40,-0.0177,0.0123,A0003
StressIndex,Humidity,4,40,0.0011,0.0016,A0003
Temperature,Humidity,4,40,-0.0173,0.0035,A0003
Humidity,Humidity,4,40,0.0156,0.0008,A0003
CO2,Humidity,4,40,-0.0076,0.0092,A0003
TVOC,Humidity,4,40,0.0004,0.013,A0003
Activity_IR,Humidity,5,50,-0.0074,0.0001,A0003
BreathRate,Humidity,5,50,-0.023,0.0084,A0003
Temperature,Humidity,5,50,-0.0044,0.0093,A0003
Humidity,Humidity,5,50,-0.008,0.0047,A0003
CO2,Humidity,5,50,0.0134,0.0098,A0003
TVOC,Humidity,5,50,0.0143,0.02,A0003
Activity_IR,Humidity,6,60,0.0268,0.0014,A0003
StressIndex,Humidity,6,60,-0.0131,0.016,A0003
Temperature,Humidity,6,60,0.0193,0.0073,A0003
TVOC,Humidity,6,60,-0.0112,0.0001,A0003
Activity_IR,Risk_bin,1,10,-0.0536,0.007,A0003
HeartRate,Risk_bin,1,10,0.0024,0.0022,A0003
BreathRate,Risk_bin,1,10,0.001,0.0184,A0003
StressIndex,Risk_bin,1,10,0.0019,0.0148,A0003
CO2,Risk_bin,1,10,-0.0063,0.026,A0003
Risk_bin,Risk_bin,1,10,0.5229,0.0,A0003
Activity_IR,Risk_bin,2,20,0.0239,0.0047,A0003
BreathRate,Risk_bin,2,20,-0.004,0.0385,A0003
Temperature,Risk_bin,2,20,-0.0022,0.0224,A0003
Risk_bin,Risk_bin,2,20,0.1517,0.0,A0003
Activity_IR,Risk_bin,3,30,0.021,0.0086,A0003
StressIndex,Risk_bin,3,30,-0.0069,0.0349,A0003
Humidity,Risk_bin,3,30,-0.0037,0.0363,A0003
CO2,Risk_bin,3,30,-0.0011,0.0085,A0003
TVOC,Risk_bin,3,30,-0.0012,0.0129,A0003
Risk_bin,Risk_bin,3,30,0.0644,0.0001,A0003
Risk_bin,Risk_bin,4,40,0.0097,0.021,A0003
BreathRate,Risk_bin,6,60,0.0195,0.0472,A0003
CO2,Risk_bin,6,60,0.0046,0.0419,A0003
TVOC,Risk_bin,6,60,0.0129,0.0,A0003
HeartRate,StressIndex,1,10,-0.0878,0.0009,A0003
BreathRate,StressIndex,1,10,0.0234,0.0256,A0003
StressIndex,StressIndex,1,10,0.2437,0.0,A0003
Humidity,StressIndex,1,10,-0.0092,0.0363,A0003
HeartRate,StressIndex,2,20,-0.0148,0.0475,A0003
BreathRate,StressIndex,2,20,0.0176,0.0262,A0003
StressIndex,StressIndex,2,20,0.1143,0.0,A0003
Temperature,StressIndex,2,20,0.0411,0.0272,A0003
Humidity,StressIndex,2,20,0.0211,0.0355,A0003
HeartRate,StressIndex,3,30,-0.0106,0.0203,A0003
BreathRate,StressIndex,3,30,0.031,0.0219,A0003
StressIndex,StressIndex,3,30,0.0785,0.0,A0003
Humidity,StressIndex,3,30,0.0025,0.0198,A0003
StressIndex,StressIndex,4,40,0.0579,0.0006,A0003
Activity_IR,StressIndex,5,50,0.0141,0.0163,A0003
HeartRate,StressIndex,5,50,0.0042,0.0404,A0003
StressIndex,StressIndex,5,50,0.044,0.0097,A0003
Temperature,StressIndex,5,50,0.0102,0.0132,A0003
Humidity,StressIndex,5,50,0.0287,0.014,A0003
TVOC,StressIndex,5,50,-0.0329,0.027,A0003
Activity_IR,StressIndex,6,60,-0.0284,0.0329,A0003
HeartRate,StressIndex,6,60,-0.0283,0.0118,A0003
StressIndex,StressIndex,6,60,0.0477,0.0054,A0003
TVOC,StressIndex,6,60,-0.0245,0.0195,A0003
StressIndex,TVOC,1,10,0.0002,0.0216,A0003
Temperature,TVOC,1,10,0.0189,0.0126,A0003
Humidity,TVOC,1,10,-0.029,0.0248,A0003
CO2,TVOC,1,10,0.063,0.0004,A0003
TVOC,TVOC,1,10,-0.0231,0.0048,A0003
HeartRate,TVOC,2,20,0.0087,0.0272,A0003
BreathRate,TVOC,2,20,-0.0277,0.0328,A0003
StressIndex,TVOC,2,20,0.0353,0.0083,A0003
Temperature,TVOC,2,20,-0.0071,0.0122,A0003
Humidity,TVOC,2,20,-0.0235,0.0371,A0003
CO2,TVOC,2,20,0.0412,0.0,A0003
TVOC,TVOC,2,20,-0.0156,0.0034,A0003
Risk_bin,TVOC,2,20,-0.0187,0.0,A0003
HeartRate,TVOC,3,30,0.0142,0.0423,A0003
Temperature,TVOC,3,30,-0.0129,0.0414,A0003
CO2,TVOC,3,30,0.0489,0.0007,A0003
TVOC,TVOC,3,30,0.0065,0.001,A0003
CO2,TVOC,4,40,-0.0097,0.002,A0003
TVOC,TVOC,4,40,0.0102,0.0029,A0003
Risk_bin,TVOC,4,40,-0.0078,0.0078,A0003
HeartRate,TVOC,5,50,0.0049,0.0051,A0003
StressIndex,TVOC,5,50,0.0268,0.0426,A0003
Temperature,TVOC,5,50,-0.0176,0.0137,A0003
CO2,TVOC,5,50,-0.0209,0.0002,A0003
TVOC,TVOC,5,50,0.0123,0.0012,A0003
Risk_bin,TVOC,5,50,0.0119,0.0031,A0003
HeartRate,TVOC,6,60,-0.0029,0.0164,A0003
Humidity,TVOC,6,60,-0.0223,0.0216,A0003
Risk_bin,TVOC,6,60,-0.0323,0.0007,A0003
HeartRate,Temperature,1,10,-0.0547,0.0005,A0003
Temperature,Temperature,1,10,0.8251,0.0,A0003
Humidity,Temperature,1,10,0.2055,0.0,A0003
CO2,Temperature,1,10,0.0737,0.0001,A0003
TVOC,Temperature,1,10,0.0173,0.0003,A0003
Risk_bin,Temperature,1,10,0.0602,0.0032,A0003
Activity_IR,Temperature,2,20,-0.1006,0.0,A0003
StressIndex,Temperature,2,20,0.0253,0.0425,A0003
Temperature,Temperature,2,20,-0.2561,0.0,A0003
Humidity,Temperature,2,20,-0.0462,0.002,A0003
TVOC,Temperature,2,20,-0.0107,0.0315,A0003
Risk_bin,Temperature,2,20,0.0084,0.0255,A0003
HeartRate,Temperature,3,30,-0.0295,0.044,A0003
Temperature,Temperature,3,30,-0.0095,0.0034,A0003
Humidity,Temperature,3,30,-0.0084,0.0003,A0003
CO2,Temperature,3,30,0.0118,0.0298,A0003
TVOC,Temperature,3,30,0.0094,0.0365,A0003
Risk_bin,Temperature,3,30,-0.0108,0.0238,A0003
Activity_IR,Temperature,4,40,0.0147,0.0196,A0003
HeartRate,Temperature,4,40,0.0348,0.0321,A0003
BreathRate,Temperature,4,40,0.0309,0.0156,A0003
Temperature,Temperature,4,40,-0.0395,0.0,A0003
Humidity,Temperature,4,40,-0.0243,0.0192,A0003
TVOC,Temperature,4,40,-0.0192,0.0018,A0003
Activity_IR,Temperature,5,50,0.0199,0.0182,A0003
Temperature,Temperature,5,50,0.0011,0.0001,A0003
Humidity,Temperature,5,50,-0.0113,0.0239,A0003
BreathRate,Temperature,6,60,-0.0248,0.0441,A0003
Temperature,Temperature,6,60,0.0127,0.0382,A0003
Humidity,Temperature,6,60,-0.0185,0.0084,A0003
TVOC,Temperature,6,60,-0.0048,0.011,A0003
Activity_IR,Activity_IR,1,10,0.1819,0.0,A0004
HeartRate,Activity_IR,1,10,0.0342,0.0231,A0004
StressIndex,Activity_IR,1,10,-0.0336,0.0087,A0004
Temperature,Activity_IR,1,10,-0.0251,0.0002,A0004
Humidity,Activity_IR,1,10,-0.0418,0.0085,A0004
CO2,Activity_IR,1,10,-0.0105,0.0051,A0004
TVOC,Activity_IR,1,10,-0.0177,0.0015,A0004
Activity_IR,Activity_IR,2,20,-0.0302,0.0012,A0004
HeartRate,Activity_IR,2,20,0.0091,0.0419,A0004
Temperature,Activity_IR,2,20,-0.0002,0.0072,A0004
Humidity,Activity_IR,2,20,-0.0358,0.0011,A0004
Activity_IR,Activity_IR,3,30,0.0209,0.0006,A0004
HeartRate,Activity_IR,3,30,0.028,0.0277,A0004
StressIndex,Activity_IR,3,30,-0.0089,0.032,A0004
Temperature,Activity_IR,3,30,-0.0272,0.0148,A0004
Humidity,Activity_IR,3,30,-0.0283,0.0005,A0004
Risk_bin,Activity_IR,3,30,-0.0286,0.038,A0004
Activity_IR,Activity_IR,4,40,-0.003,0.0008,A0004
HeartRate,Activity_IR,4,40,-0.0073,0.0001,A0004
Temperature,Activity_IR,4,40,-0.02,0.0259,A0004
Humidity,Activity_IR,4,40,-0.0287,0.009,A0004
Risk_bin,Activity_IR,4,40,-0.0536,0.0037,A0004
Activity_IR,Activity_IR,5,50,0.0397,0.0,A0004
HeartRate,Activity_IR,5,50,0.0199,0.0116,A0004
BreathRate,Activity_IR,5,50,-0.0067,0.0002,A0004
StressIndex,Activity_IR,5,50,0.0117,0.0226,A0004
Temperature,Activity_IR,5,50,0.0237,0.0292,A0004
Activity_IR,Activity_IR,6,60,-0.0137,0.0,A0004
HeartRate,Activity_IR,6,60,0.0037,0.0078,A0004
BreathRate,Activity_IR,6,60,0.028,0.0002,A0004
StressIndex,Activity_IR,6,60,0.016,0.015,A0004
Temperature,Activity_IR,6,60,-0.0204,0.0207,A0004
Risk_bin,Activity_IR,6,60,-0.0035,0.0388,A0004
Activity_IR,BreathRate,1,10,0.0323,0.0378,A0004
HeartRate,BreathRate,1,10,0.0412,0.0021,A0004
BreathRate,BreathRate,1,10,0.4226,0.0,A0004
StressIndex,BreathRate,1,10,-0.019,0.0101,A0004
Temperature,BreathRate,1,10,0.0126,0.0367,A0004
CO2,BreathRate,1,10,0.0107,0.0324,A0004
TVOC,BreathRate,1,10,0.0152,0.0033,A0004
HeartRate,BreathRate,2,20,0.0263,0.0294,A0004
BreathRate,BreathRate,2,20,0.0932,0.0,A0004
Temperature,BreathRate,2,20,-0.0028,0.0088,A0004
Humidity,BreathRate,2,20,-0.0245,0.0058,A0004
HeartRate,BreathRate,3,30,0.0414,0.0,A0004
BreathRate,BreathRate,3,30,0.0483,0.0021,A0004
Temperature,BreathRate,3,30,-0.0226,0.0045,A0004
HeartRate,BreathRate,4,40,0.0052,0.0023,A0004
BreathRate,BreathRate,4,40,0.0313,0.0005,A0004
StressIndex,BreathRate,4,40,0.0037,0.032,A0004
Risk_bin,BreathRate,4,40,0.0215,0.0425,A0004
Activity_IR,BreathRate,5,50,0.0214,0.0202,A0004
HeartRate,BreathRate,5,50,-0.0017,0.0142,A0004
StressIndex,BreathRate,5,50,0.0065,0.002,A0004
Temperature,BreathRate,5,50,0.001,0.0109,A0004
CO2,BreathRate,5,50,0.0151,0.0297,A0004
Risk_bin,BreathRate,5,50,-0.0101,0.0115,A0004
BreathRate,BreathRate,6,60,0.0634,0.0,A0004
Temperature,BreathRate,6,60,-0.0011,0.0192,A0004
CO2,BreathRate,6,60,-0.0046,0.0134,A0004
TVOC,BreathRate,6,60,0.0071,0.015,A0004
Risk_bin,BreathRate,6,60,-0.0182,0.0102,A0004
Activity_IR,CO2,1,10,0.0726,0.0,A0004
BreathRate,CO2,1,10,0.0114,0.0083,A0004
StressIndex,CO2,1,10,0.0136,0.0321,A0004
Temperature,CO2,1,10,0.0527,0.0049,A0004
CO2,CO2,1,10,0.0048,0.0234,A0004
TVOC,CO2,1,10,0.0138,0.0029,A0004
Risk_bin,CO2,1,10,0.0186,0.0011,A0004
Activity_IR,CO2,2,20,0.0247,0.0053,A0004
HeartRate,CO2,2,20,-0.0188,0.0049,A0004
Temperature,CO2,2,20,0.0193,0.0489,A0004
Humidity,CO2,2,20,-0.0295,0.0105,A0004
CO2,CO2,2,20,0.0367,0.0,A0004
TVOC,CO2,2,20,-0.0089,0.0082,A0004
BreathRate,CO2,3,30,0.0339,0.0,A0004
StressIndex,CO2,3,30,0.0068,0.0312,A0004
Temperature,CO2,3,30,0.0204,0.0007,A0004
Humidity,CO2,3,30,0.0056,0.0341,A0004
CO2,CO2,3,30,0.028,0.0249,A0004
StressIndex,CO2,4,40,-0.0205,0.0315,A0004
CO2,CO2,4,40,0.0394,0.0,A0004
TVOC,CO2,4,40,-0.0397,0.0004,A0004
Risk_bin,CO2,4,40,0.0065,0.0103,A0004
HeartRate,CO2,5,50,-0.0307,0.0153,A0004
StressIndex,CO2,5,50,0.0184,0.0294,A0004
CO2,CO2,5,50,0.0466,0.0,A0004
TVOC,CO2,5,50,-0.0361,0.0463,A0004
Risk_bin,CO2,5,50,0.03,0.0,A0004
HeartRate,CO2,6,60,0.0023,0.0303,A0004
StressIndex,CO2,6,60,-0.0101,0.0018,A0004
Humidity,CO2,6,60,-0.0015,0.0232,A0004
CO2,CO2,6,60,0.0198,0.0243,A0004
Activity_IR,HeartRate,1,10,0.022,0.0054,A0004
HeartRate,HeartRate,1,10,0.4204,0.0,A0004
StressIndex,HeartRate,1,10,-0.0366,0.0037,A0004
Temperature,HeartRate,1,10,-0.0204,0.016,A0004
Humidity,HeartRate,1,10,-0.0136,0.0014,A0004
CO2,HeartRate,1,10,-0.0016,0.0224,A0004
Activity_IR,HeartRate,2,20,0.0312,0.0,A0004
HeartRate,HeartRate,2,20,0.1009,0.0,A0004
StressIndex,HeartRate,2,20,-0.0062,0.0113,A0004
Risk_bin,HeartRate,2,20,-0.0248,0.0433,A0004
Activity_IR,HeartRate,3,30,0.0299,0.03,A0004
HeartRate,HeartRate,3,30,0.046,0.038,A0004
BreathRate,HeartRate,3,30,0.0254,0.02,A0004
Temperature,HeartRate,3,30,0.0067,0.0371,A0004
Activity_IR,HeartRate,4,40,0.03,0.0387,A0004
HeartRate,HeartRate,4,40,0.0308,0.0005,A0004
BreathRate,HeartRate,4,40,0.0127,0.0007,A0004
Temperature,HeartRate,4,40,-0.0022,0.0215,A0004
Activity_IR,HeartRate,5,50,0.0473,0.0105,A0004
BreathRate,HeartRate,5,50,-0.0174,0.0042,A0004
Risk_bin,HeartRate,5,50,-0.0245,0.0,A0004
Activity_IR,HeartRate,6,60,0.011,0.0275,A0004
HeartRate,HeartRate,6,60,0.0028,0.0491,A0004
BreathRate,HeartRate,6,60,0.0132,0.0024,A0004
StressIndex,HeartRate,6,60,0.0241,0.0133,A0004
Risk_bin,HeartRate,6,60,-0.0042,0.0328,A0004
Activity_IR,Humidity,1,10,-0.1141,0.0,A0004
HeartRate,Humidity,1,10,-0.0157,0.0331,A0004
BreathRate,Humidity,1,10,-0.0003,0.001,A0004
StressIndex,Humidity,1,10,0.0245,0.0339,A0004
Temperature,Humidity,1,10,-0.0413,0.0004,A0004
Humidity,Humidity,1,10,0.7284,0.0,A0004
CO2,Humidity,1,10,0.07,0.0,A0004
TVOC,Humidity,1,10,0.0581,0.0,A0004
Risk_bin,Humidity,1,10,0.0145,0.0362,A0004
Activity_IR,Humidity,2,20,0.0035,0.0108,A0004
HeartRate,Humidity,2,20,-0.0168,0.0365,A0004
BreathRate,Humidity,2,20,-0.0337,0.0039,A0004
Temperature,Humidity,2,20,-0.0113,0.0327,A0004
Humidity,Humidity,2,20,-0.0865,0.0,A0004
Activity_IR,Humidity,3,30,0.0086,0.0106,A0004
HeartRate,Humidity,3,30,-0.0243,0.0004,A0004
BreathRate,Humidity,3,30,-0.0049,0.0372,A0004
Temperature,Humidity,3,30,-0.0142,0.0416,A0004
Humidity,Humidity,3,30,-0.0015,0.0136,A0004
Risk_bin,Humidity,3,30,0.0319,0.0102,A0004
HeartRate,Humidity,4,40,-0.0013,0.0382,A0004
BreathRate,Humidity,4,40,-0.0212,0.024,A0004
CO2,Humidity,4,40,0.0252,0.032,A0004
TVOC,Humidity,4,40,0.0042,0.0004,A0004
Risk_bin,Humidity,4,40,0.0232,0.0114,A0004
Activity_IR,Humidity,5,50,0.0191,0.0226,A0004
BreathRate,Humidity,5,50,-0.0065,0.0361,A0004
Temperature,Humidity,5,50,0.0019,0.0013,A0004
Humidity,Humidity,5,50,-0.0309,0.0068,A0004
Risk_bin,Humidity,5,50,0.0111,0.0137,A0004
Activity_IR,Humidity,6,60,0.0215,0.0026,A0004
BreathRate,Humidity,6,60,-0.0016,0.0275,A0004
StressIndex,Humidity,6,60,-0.0229,0.0437,A0004
Temperature,Humidity,6,60,0.026,0.0035,A0004
Humidity,Humidity,6,60,0.0294,0.0033,A0004
CO2,Humidity,6,60,0.0118,0.025,A0004
TVOC,Humidity,6,60,0.0148,0.0258,A0004
HeartRate,Risk_bin,1,10,-0.0205,0.0391,A0004
BreathRate,Risk_bin,1,10,0.0066,0.0355,A0004
Temperature,Risk_bin,1,10,0.0324,0.0391,A0004
CO2,Risk_bin,1,10,0.0281,0.0007,A0004
TVOC,Risk_bin,1,10,0.0417,0.0,A0004
Risk_bin,Risk_bin,1,10,0.3311,0.0,A0004
CO2,Risk_bin,2,20,0.0359,0.009,A0004
TVOC,Risk_bin,2,20,0.0427,0.008,A0004
Risk_bin,Risk_bin,2,20,0.1313,0.0,A0004
StressIndex,Risk_bin,3,30,-0.004,0.0096,A0004
Risk_bin,Risk_bin,3,30,0.0664,0.0003,A0004
StressIndex,Risk_bin,4,40,-0.0226,0.0097,A0004
Temperature,Risk_bin,4,40,-0.0252,0.0199,A0004
CO2,Risk_bin,4,40,-0.0311,0.0107,A0004
TVOC,Risk_bin,4,40,-0.0291,0.0058,A0004
Risk_bin,Risk_bin,4,40,0.0689,0.0,A0004
StressIndex,Risk_bin,5,50,-0.017,0.0144,A0004
CO2,Risk_bin,5,50,0.006,0.0137,A0004
TVOC,Risk_bin,5,50,-0.0013,0.0139,A0004
Risk_bin,Risk_bin,5,50,0.026,0.0109,A0004
StressIndex,Risk_bin,6,60,-0.0413,0.0069,A0004
TVOC,Risk_bin,6,60,0.018,0.0098,A0004
Risk_bin,Risk_bin,6,60,0.0492,0.0,A0004
HeartRate,StressIndex,1,10,-0.0498,0.0014,A0004
StressIndex,StressIndex,1,10,0.2238,0.0,A0004
Temperature,StressIndex,1,10,-0.0007,0.0205,A0004
Humidity,StressIndex,1,10,-0.0027,0.0381,A0004
CO2,StressIndex,1,10,0.0126,0.0311,A0004
HeartRate,StressIndex,2,20,-0.0251,0.0424,A0004
BreathRate,StressIndex,2,20,-0.0228,0.0297,A0004
StressIndex,StressIndex,2,20,0.107,0.0,A0004
Temperature,StressIndex,2,20,0.0031,0.0462,A0004
TVOC,StressIndex,2,20,-0.0008,0.0367,A0004
Risk_bin,StressIndex,2,20,-0.0221,0.0096,A0004
BreathRate,StressIndex,3,30,-0.0092,0.0286,A0004
StressIndex,StressIndex,3,30,0.0858,0.0001,A0004
Activity_IR,StressIndex,4,40,-0.0325,0.001,A0004
HeartRate,StressIndex,4,40,-0.0244,0.0083,A0004
StressIndex,StressIndex,4,40,0.0501,0.01,A0004
Risk_bin,StressIndex,4,40,-0.0162,0.0244,A0004
Activity_IR,StressIndex,5,50,-0.0219,0.0231,A0004
HeartRate,StressIndex,5,50,0.0007,0.0085,A0004
BreathRate,StressIndex,5,50,0.0285,0.0107,A0004
StressIndex,StressIndex,5,50,0.0452,0.0053,A0004
Humidity,StressIndex,5,50,-0.0067,0.0208,A0004
CO2,StressIndex,5,50,-0.0055,0.0487,A0004
TVOC,StressIndex,5,50,0.0193,0.0258,A0004
Temperature,StressIndex,6,60,-0.0066,0.0131,A0004
CO2,StressIndex,6,60,-0.0043,0.0267,A0004
TVOC,StressIndex,6,60,0.0004,0.018,A0004
Activity_IR,TVOC,1,10,0.0752,0.0,A0004
BreathRate,TVOC,1,10,0.0097,0.0058,A0004
Temperature,TVOC,1,10,0.0545,0.0042,A0004
CO2,TVOC,1,10,-0.0009,0.0417,A0004
TVOC,TVOC,1,10,0.0256,0.0075,A0004
Risk_bin,TVOC,1,10,0.0125,0.0007,A0004
Activity_IR,TVOC,2,20,0.0248,0.001,A0004
HeartRate,TVOC,2,20,-0.0234,0.0045,A0004
BreathRate,TVOC,2,20,-0.0191,0.0002,A0004
Temperature,TVOC,2,20,0.0071,0.0074,A0004
Humidity,TVOC,2,20,-0.027,0.0121,A0004
CO2,TVOC,2,20,0.0341,0.0002,A0004
TVOC,TVOC,2,20,-0.0032,0.0272,A0004
BreathRate,TVOC,3,30,0.0399,0.0,A0004
Temperature,TVOC,3,30,0.004,0.0032,A0004
Humidity,TVOC,3,30,0.0048,0.0461,A0004
CO2,TVOC,3,30,0.0259,0.0045,A0004
BreathRate,TVOC,4,40,-0.0268,0.0355,A0004
StressIndex,TVOC,4,40,-0.0272,0.044,A0004
CO2,TVOC,4,40,0.025,0.0,A0004
TVOC,TVOC,4,40,-0.0363,0.0012,A0004
Risk_bin,TVOC,4,40,0.0024,0.0037,A0004
HeartRate,TVOC,5,50,-0.0322,0.0131,A0004
Temperature,TVOC,5,50,-0.0163,0.0422,A0004
CO2,TVOC,5,50,0.0354,0.0,A0004
TVOC,TVOC,5,50,-0.0377,0.0258,A0004
Risk_bin,TVOC,5,50,0.0195,0.0004,A0004
HeartRate,TVOC,6,60,0.0068,0.0252,A0004
StressIndex,TVOC,6,60,-0.0086,0.0034,A0004
Temperature,TVOC,6,60,-0.034,0.0129,A0004
Humidity,TVOC,6,60,-0.0012,0.0359,A0004
CO2,TVOC,6,60,0.0053,0.0189,A0004
TVOC,TVOC,6,60,-0.0093,0.0424,A0004
Activity_IR,Temperature,1,10,0.0168,0.0,A0004
BreathRate,Temperature,1,10,-0.0024,0.0122,A0004
Temperature,Temperature,1,10,0.7836,0.0,A0004
Humidity,Temperature,1,10,0.1199,0.0,A0004
CO2,Temperature,1,10,0.0861,0.0002,A0004
TVOC,Temperature,1,10,0.0297,0.0005,A0004
Risk_bin,Temperature,1,10,0.0606,0.0001,A0004
Activity_IR,Temperature,2,20,-0.0675,0.0,A0004
HeartRate,Temperature,2,20,0.0098,0.0158,A0004
Temperature,Temperature,2,20,-0.1737,0.0,A0004
Humidity,Temperature,2,20,-0.0175,0.0005,A0004
CO2,Temperature,2,20,0.0461,0.0212,A0004
TVOC,Temperature,2,20,0.006,0.0078,A0004
Activity_IR,Temperature,3,30,-0.0275,0.0114,A0004
BreathRate,Temperature,3,30,0.0193,0.0066,A0004
Temperature,Temperature,3,30,-0.0293,0.0264,A0004
Humidity,Temperature,3,30,0.0011,0.0039,A0004
HeartRate,Temperature,4,40,0.0105,0.0142,A0004
Humidity,Temperature,4,40,0.0092,0.0094,A0004
BreathRate,Temperature,5,50,0.0043,0.0177,A0004
Humidity,Temperature,5,50,0.0136,0.0002,A0004
Activity_IR,Temperature,6,60,-0.0104,0.0039,A0004
BreathRate,Temperature,6,60,-0.0046,0.0004,A0004
StressIndex,Temperature,6,60,0.0244,0.0053,A0004
Temperature,Temperature,6,60,0.0286,0.0057,A0004
Risk_bin,Temperature,6,60,0.0162,0.0439,A0004
Activity_IR,Activity_IR,1,10,0.101,0.0,A0005
Temperature,Activity_IR,1,10,-0.0461,0.0012,A0005
Humidity,Activity_IR,1,10,-0.0297,0.0198,A0005
Activity_IR,Activity_IR,2,20,0.0327,0.0019,A0005
HeartRate,Activity_IR,2,20,-0.0201,0.004,A0005
Temperature,Activity_IR,2,20,-0.004,0.0022,A0005
Humidity,Activity_IR,2,20,-0.0012,0.0004,A0005
CO2,Activity_IR,2,20,-0.0248,0.0434,A0005
Risk_bin,Activity_IR,2,20,-0.0035,0.0002,A0005
Activity_IR,Activity_IR,3,30,0.0096,0.0009,A0005
StressIndex,Activity_IR,3,30,0.0702,0.0,A0005
Humidity,Activity_IR,3,30,-0.0064,0.005,A0005
CO2,Activity_IR,3,30,0.0126,0.0383,A0005
Risk_bin,Activity_IR,3,30,0.0003,0.0,A0005
Temperature,Activity_IR,4,40,-0.0208,0.0053,A0005
Risk_bin,Activity_IR,4,40,-0.0056,0.0,A0005
BreathRate,Activity_IR,5,50,0.0188,0.0002,A0005
Temperature,Activity_IR,5,50,-0.0356,0.0208,A0005
Humidity,Activity_IR,5,50,-0.0152,0.0001,A0005
Activity_IR,Activity_IR,6,60,-0.0133,0.0486,A0005
HeartRate,Activity_IR,6,60,0.0245,0.0261,A0005
Risk_bin,Activity_IR,6,60,-0.0221,0.0015,A0005
HeartRate,BreathRate,1,10,0.0011,0.0398,A0005
BreathRate,BreathRate,1,10,0.6001,0.0,A0005
StressIndex,BreathRate,1,10,-0.0394,0.0005,A0005
Humidity,BreathRate,1,10,0.0115,0.0286,A0005
BreathRate,BreathRate,2,20,-0.0039,0.0008,A0005
StressIndex,BreathRate,2,20,0.0265,0.0055,A0005
CO2,BreathRate,2,20,-0.0128,0.0096,A0005
TVOC,BreathRate,2,20,-0.0141,0.0086,A0005
Risk_bin,BreathRate,2,20,-0.043,0.0062,A0005
HeartRate,BreathRate,3,30,0.0295,0.0136,A0005
BreathRate,BreathRate,3,30,-0.0449,0.0,A0005
StressIndex,BreathRate,3,30,0.0023,0.0208,A0005
Temperature,BreathRate,3,30,-0.0039,0.0063,A0005
Risk_bin,BreathRate,3,30,-0.013,0.0112,A0005
BreathRate,BreathRate,4,40,0.0804,0.0001,A0005
StressIndex,BreathRate,4,40,0.029,0.0074,A0005
Temperature,BreathRate,4,40,-0.0022,0.0174,A0005
HeartRate,BreathRate,5,50,-0.0121,0.0007,A0005
BreathRate,BreathRate,5,50,-0.0112,0.0009,A0005
StressIndex,BreathRate,5,50,-0.0531,0.0001,A0005
Temperature,BreathRate,5,50,0.0127,0.0317,A0005
Risk_bin,BreathRate,5,50,0.0423,0.0157,A0005
HeartRate,BreathRate,6,60,-0.005,0.0051,A0005
Risk_bin,BreathRate,6,60,-0.0312,0.0258,A0005
Activity_IR,CO2,1,10,0.0166,0.0421,A0005
HeartRate,CO2,1,10,0.0098,0.0206,A0005
Temperature,CO2,1,10,0.044,0.0068,A0005
Humidity,CO2,1,10,-0.0453,0.0018,A0005
CO2,CO2,1,10,0.0407,0.0002,A0005
TVOC,CO2,1,10,0.0033,0.0489,A0005
Risk_bin,CO2,1,10,-0.0143,0.0105,A0005
Activity_IR,CO2,2,20,0.0353,0.0,A0005
Temperature,CO2,2,20,0.0407,0.0,A0005
Humidity,CO2,2,20,0.008,0.0289,A0005
TVOC,CO2,2,20,-0.0184,0.0314,A0005
Activity_IR,CO2,3,30,0.0255,0.0004,A0005
StressIndex,CO2,3,30,0.0107,0.0313,A0005
Humidity,CO2,3,30,0.0147,0.0017,A0005
CO2,CO2,3,30,-0.0048,0.0098,A0005
TVOC,CO2,3,30,-0.01,0.0027,A0005
Activity_IR,CO2,4,40,-0.0222,0.0005,A0005
StressIndex,CO2,4,40,-0.0249,0.0379,A0005
Temperature,CO2,4,40,-0.0225,0.0039,A0005
CO2,CO2,4,40,0.0286,0.0,A0005
TVOC,CO2,4,40,-0.0496,0.0,A0005
Risk_bin,CO2,4,40,0.0199,0.0001,A0005
Activity_IR,CO2,5,50,0.0144,0.0013,A0005
StressIndex,CO2,5,50,-0.0368,0.0217,A0005
Humidity,CO2,5,50,0.0278,0.0019,A0005
CO2,CO2,5,50,0.0315,0.0022,A0005
TVOC,CO2,5,50,0.0116,0.0041,A0005
Risk_bin,CO2,5,50,0.024,0.0,A0005
HeartRate,CO2,6,60,-0.0267,0.0456,A0005
Temperature,CO2,6,60,-0.0227,0.0124,A0005
Humidity,CO2,6,60,-0.011,0.0236,A0005
CO2,CO2,6,60,-0.0084,0.0481,A0005
Risk_bin,CO2,6,60,-0.0097,0.0,A0005
HeartRate,HeartRate,1,10,0.3702,0.0,A0005
BreathRate,HeartRate,1,10,0.0318,0.0185,A0005
StressIndex,HeartRate,1,10,-0.0302,0.0186,A0005
Humidity,HeartRate,1,10,-0.0261,0.0332,A0005
Risk_bin,HeartRate,1,10,-0.0218,0.0019,A0005
HeartRate,HeartRate,2,20,0.1346,0.0,A0005
Humidity,HeartRate,2,20,-0.0212,0.0436,A0005
CO2,HeartRate,2,20,-0.0197,0.0022,A0005
TVOC,HeartRate,2,20,-0.0235,0.0013,A0005
Activity_IR,HeartRate,3,30,0.0334,0.0385,A0005
HeartRate,HeartRate,3,30,0.0115,0.0011,A0005
StressIndex,HeartRate,3,30,-0.0266,0.0417,A0005
TVOC,HeartRate,3,30,-0.0188,0.0414,A0005
Risk_bin,HeartRate,3,30,-0.0247,0.0261,A0005
HeartRate,HeartRate,4,40,0.0339,0.0026,A0005
StressIndex,HeartRate,4,40,-0.0031,0.0461,A0005
Humidity,HeartRate,4,40,-0.0237,0.0281,A0005
TVOC,HeartRate,4,40,0.0298,0.0478,A0005
HeartRate,HeartRate,5,50,0.0312,0.0003,A0005
BreathRate,HeartRate,5,50,-0.022,0.0184,A0005
Activity_IR,HeartRate,6,60,-0.0283,0.0008,A0005
HeartRate,HeartRate,6,60,0.0343,0.003,A0005
StressIndex,HeartRate,6,60,-0.0258,0.0484,A0005
Temperature,HeartRate,6,60,-0.0239,0.0207,A0005
Activity_IR,Humidity,1,10,-0.0857,0.0,A0005
BreathRate,Humidity,1,10,0.0127,0.0002,A0005
StressIndex,Humidity,1,10,0.0036,0.0268,A0005
Temperature,Humidity,1,10,-0.131,0.0,A0005
Humidity,Humidity,1,10,0.7322,0.0,A0005
Risk_bin,Humidity,1,10,0.0136,0.0106,A0005
Activity_IR,Humidity,2,20,0.0199,0.0215,A0005
HeartRate,Humidity,2,20,0.0197,0.0122,A0005
Temperature,Humidity,2,20,-0.0304,0.0379,A0005
Humidity,Humidity,2,20,-0.1253,0.0,A0005
CO2,Humidity,2,20,-0.01,0.0134,A0005
TVOC,Humidity,2,20,0.0037,0.0148,A0005
Risk_bin,Humidity,2,20,0.0518,0.0051,A0005
Activity_IR,Humidity,3,30,-0.0288,0.0033,A0005
HeartRate,Humidity,3,30,0.0104,0.0389,A0005
StressIndex,Humidity,3,30,-0.0074,0.0298,A0005
Temperature,Humidity,3,30,-0.027,0.0469,A0005
Humidity,Humidity,3,30,0.0846,0.0,A0005
Risk_bin,Humidity,3,30,-0.0569,0.0245,A0005
Activity_IR,Humidity,4,40,0.0572,0.0114,A0005
StressIndex,Humidity,4,40,-0.0292,0.019,A0005
Humidity,Humidity,4,40,-0.0466,0.0011,A0005
Risk_bin,Humidity,4,40,0.0424,0.0,A0005
Activity_IR,Humidity,5,50,0.0556,0.0005,A0005
Temperature,Humidity,5,50,0.0056,0.0194,A0005
Humidity,Humidity,5,50,-0.0156,0.0065,A0005
Risk_bin,Humidity,5,50,0.018,0.0,A0005
HeartRate,Humidity,6,60,-0.0306,0.0145,A0005
Humidity,Humidity,6,60,0.0453,0.0104,A0005
Activity_IR,Risk_bin,1,10,-0.049,0.0,A0005
HeartRate,Risk_bin,1,10,-0.0367,0.0063,A0005
BreathRate,Risk_bin,1,10,-0.0279,0.0036,A0005
Humidity,Risk_bin,1,10,0.0315,0.0068,A0005
CO2,Risk_bin,1,10,0.0136,0.0204,A0005
Risk_bin,Risk_bin,1,10,0.6197,0.0,A0005
Activity_IR,Risk_bin,2,20,-0.0145,0.0455,A0005
HeartRate,Risk_bin,2,20,0.0429,0.0085,A0005
BreathRate,Risk_bin,2,20,0.0469,0.0033,A0005
StressIndex,Risk_bin,2,20,-0.0485,0.0,A0005
CO2,Risk_bin,2,20,-0.0196,0.0,A0005
TVOC,Risk_bin,2,20,0.0276,0.0,A0005
Risk_bin,Risk_bin,2,20,0.0694,0.0,A0005
HeartRate,Risk_bin,3,30,0.027,0.0021,A0005
BreathRate,Risk_bin,3,30,-0.0076,0.0013,A0005
Humidity,Risk_bin,3,30,-0.0305,0.0,A0005
Risk_bin,Risk_bin,3,30,0.0367,0.0002,A0005
BreathRate,Risk_bin,4,40,0.009,0.013,A0005
StressIndex,Risk_bin,4,40,-0.0115,0.0162,A0005
Risk_bin,Risk_bin,4,40,0.0182,0.034,A0005
HeartRate,Risk_bin,5,50,0.0151,0.0092,A0005
BreathRate,Risk_bin,5,50,-0.0137,0.0156,A0005
Temperature,Risk_bin,5,50,-0.0104,0.036,A0005
CO2,Risk_bin,5,50,0.0324,0.0086,A0005
TVOC,Risk_bin,5,50,0.0319,0.0159,A0005
Risk_bin,Risk_bin,5,50,-0.0103,0.0117,A0005
HeartRate,Risk_bin,6,60,-0.0053,0.0449,A0005
BreathRate,Risk_bin,6,60,0.0025,0.0469,A0005
Risk_bin,Risk_bin,6,60,0.0312,0.0006,A0005
Activity_IR,StressIndex,1,10,0.0374,0.0,A0005
StressIndex,StressIndex,1,10,0.1555,0.0,A0005
Temperature,StressIndex,1,10,0.0307,0.0421,A0005
Risk_bin,StressIndex,1,10,-0.0304,0.0281,A0005
BreathRate,StressIndex,2,20,0.0462,0.0151,A0005
StressIndex,StressIndex,2,20,0.1118,0.0,A0005
CO2,StressIndex,2,20,-0.0291,0.0388,A0005
TVOC,StressIndex,2,20,-0.0025,0.0226,A0005
Activity_IR,StressIndex,3,30,0.0251,0.0007,A0005
StressIndex,StressIndex,3,30,0.0895,0.0002,A0005
Humidity,StressIndex,3,30,0.0238,0.0285,A0005
TVOC,StressIndex,3,30,0.0032,0.015,A0005
Risk_bin,StressIndex,3,30,-0.0165,0.0015,A0005
BreathRate,StressIndex,4,40,0.0244,0.0006,A0005
StressIndex,StressIndex,4,40,0.1347,0.0,A0005
Temperature,StressIndex,4,40,0.03,0.0001,A0005
Humidity,StressIndex,4,40,-0.0019,0.0116,A0005
Activity_IR,StressIndex,6,60,0.0369,0.0,A0005
StressIndex,StressIndex,6,60,0.0565,0.0253,A0005
CO2,StressIndex,6,60,-0.0179,0.0294,A0005
TVOC,StressIndex,6,60,-0.0151,0.0303,A0005
Activity_IR,TVOC,1,10,0.0212,0.0131,A0005
HeartRate,TVOC,1,10,-0.0001,0.0018,A0005
Temperature,TVOC,1,10,0.0417,0.0046,A0005
Humidity,TVOC,1,10,-0.0339,0.0054,A0005
CO2,TVOC,1,10,0.06,0.0003,A0005
TVOC,TVOC,1,10,0.0664,0.0002,A0005
Risk_bin,TVOC,1,10,-0.0141,0.0149,A0005
Activity_IR,TVOC,2,20,0.0375,0.0,A0005
HeartRate,TVOC,2,20,0.0171,0.0176,A0005
Temperature,TVOC,2,20,0.0427,0.0,A0005
Humidity,TVOC,2,20,-0.0051,0.0267,A0005
Activity_IR,TVOC,3,30,0.019,0.0251,A0005
StressIndex,TVOC,3,30,0.0171,0.0254,A0005
Humidity,TVOC,3,30,0.0139,0.0,A0005
CO2,TVOC,3,30,-0.0017,0.0176,A0005
Activity_IR,TVOC,4,40,-0.0224,0.0002,A0005
Temperature,TVOC,4,40,-0.0236,0.0003,A0005
CO2,TVOC,4,40,0.0391,0.0,A0005
TVOC,TVOC,4,40,-0.0557,0.0,A0005
Risk_bin,TVOC,4,40,0.0218,0.0001,A0005
Activity_IR,TVOC,5,50,0.0015,0.0024,A0005
StressIndex,TVOC,5,50,-0.0293,0.0215,A0005
Humidity,TVOC,5,50,0.0173,0.0037,A0005
Risk_bin,TVOC,5,50,0.0242,0.0001,A0005
HeartRate,TVOC,6,60,-0.0228,0.0417,A0005
BreathRate,TVOC,6,60,-0.0157,0.0495,A0005
Temperature,TVOC,6,60,-0.0191,0.0046,A0005
Humidity,TVOC,6,60,-0.0101,0.0072,A0005
Risk_bin,TVOC,6,60,-0.0134,0.0002,A0005
Activity_IR,Temperature,1,10,-0.0076,0.0,A0005
Temperature,Temperature,1,10,0.8339,0.0,A0005
Humidity,Temperature,1,10,0.1235,0.0,A0005
CO2,Temperature,1,10,0.0266,0.015,A0005
TVOC,Temperature,1,10,0.026,0.0079,A0005
Activity_IR,Temperature,2,20,-0.0584,0.0,A0005
BreathRate,Temperature,2,20,0.0251,0.0137,A0005
Temperature,Temperature,2,20,-0.3038,0.0,A0005
Humidity,Temperature,2,20,0.0146,0.0287,A0005
TVOC,Temperature,2,20,0.0086,0.0458,A0005
Risk_bin,Temperature,2,20,0.021,0.0002,A0005
Activity_IR,Temperature,3,30,0.0251,0.0089,A0005
HeartRate,Temperature,3,30,-0.0287,0.001,A0005
BreathRate,Temperature,3,30,0.0062,0.0442,A0005
Temperature,Temperature,3,30,0.0404,0.0061,A0005
Humidity,Temperature,3,30,-0.0236,0.0052,A0005
Risk_bin,Temperature,3,30,-0.018,0.0474,A0005
Activity_IR,Temperature,4,40,0.0466,0.0458,A0005
HeartRate,Temperature,4,40,0.0029,0.015,A0005
Temperature,Temperature,4,40,-0.0109,0.0082,A0005
Humidity,Temperature,4,40,0.018,0.0147,A0005
CO2,Temperature,4,40,-0.0302,0.0067,A0005
TVOC,Temperature,4,40,-0.0209,0.0138,A0005
Risk_bin,Temperature,4,40,-0.0144,0.0412,A0005
Activity_IR,Temperature,5,50,0.0365,0.0101,A0005
HeartRate,Temperature,5,50,0.023,0.019,A0005
Temperature,Temperature,5,50,0.004,0.0466,A0005
Humidity,Temperature,5,50,-0.0424,0.0,A0005
CO2,Temperature,5,50,-0.0073,0.0297,A0005
TVOC,Temperature,5,50,0.0046,0.0294,A0005
Risk_bin,Temperature,5,50,0.0174,0.0337,A0005
Activity_IR,Temperature,6,60,0.0417,0.0193,A0005
BreathRate,Temperature,6,60,0.0009,0.0307,A0005
Temperature,Temperature,6,60,0.0168,0.0131,A0005
Humidity,Temperature,6,60,-0.0263,0.0103,A0005
CO2,Temperature,6,60,0.0187,0.0318,A0005
TVOC,Temperature,6,60,0.0243,0.0454,A0005
Activity_IR,Activity_IR,1,10,0.4953,0.0,A0007
Temperature,Activity_IR,1,10,0.0966,0.0022,A0007
Humidity,Activity_IR,1,10,0.0014,0.0034,A0007
Activity_IR,Activity_IR,2,20,0.0438,0.0254,A0007
Activity_IR,Activity_IR,3,30,-0.0056,0.0004,A0007
BreathRate,Activity_IR,3,30,-0.0183,0.0202,A0007
Humidity,Activity_IR,3,30,-0.0096,0.0125,A0007
CO2,Activity_IR,3,30,-0.0086,0.012,A0007
TVOC,Activity_IR,3,30,-0.01,0.0002,A0007
Activity_IR,Activity_IR,4,40,0.0625,0.0013,A0007
HeartRate,Activity_IR,4,40,0.0151,0.0267,A0007
Temperature,Activity_IR,4,40,0.0028,0.0384,A0007
Humidity,Activity_IR,4,40,-0.0314,0.0116,A0007
CO2,Activity_IR,4,40,-0.0294,0.0106,A0007
TVOC,Activity_IR,4,40,0.0224,0.0,A0007
Activity_IR,Activity_IR,5,50,0.0219,0.0036,A0007
CO2,Activity_IR,5,50,0.0167,0.0179,A0007
TVOC,Activity_IR,5,50,-0.0748,0.0036,A0007
BreathRate,Activity_IR,6,60,0.058,0.0144,A0007
Humidity,Activity_IR,6,60,-0.0279,0.0487,A0007
Activity_IR,BreathRate,1,10,0.0285,0.0341,A0007
BreathRate,BreathRate,1,10,0.396,0.0,A0007
StressIndex,BreathRate,1,10,0.0241,0.0083,A0007
Risk_bin,BreathRate,1,10,-0.067,0.0035,A0007
HeartRate,BreathRate,2,20,0.0347,0.0024,A0007
BreathRate,BreathRate,2,20,0.0412,0.0068,A0007
CO2,BreathRate,2,20,-0.0416,0.0297,A0007
BreathRate,BreathRate,3,30,0.0081,0.0073,A0007
HeartRate,BreathRate,4,40,-0.0318,0.0026,A0007
CO2,BreathRate,4,40,-0.0119,0.004,A0007
Temperature,BreathRate,5,50,-0.0597,0.0028,A0007
Humidity,BreathRate,5,50,-0.025,0.0058,A0007
CO2,BreathRate,5,50,0.0095,0.0356,A0007
Risk_bin,BreathRate,5,50,0.0067,0.0297,A0007
HeartRate,BreathRate,6,60,0.0215,0.0104,A0007
BreathRate,BreathRate,6,60,0.0327,0.0279,A0007
Humidity,BreathRate,6,60,0.0353,0.0344,A0007
Temperature,CO2,1,10,-0.0461,0.0006,A0007
CO2,CO2,1,10,0.0881,0.0002,A0007
TVOC,CO2,1,10,-0.0385,0.0144,A0007
Risk_bin,CO2,1,10,-0.0294,0.0187,A0007
StressIndex,CO2,2,20,0.0378,0.0103,A0007
Temperature,CO2,2,20,0.0168,0.0171,A0007
Activity_IR,CO2,3,30,0.003,0.0253,A0007
HeartRate,CO2,3,30,0.0172,0.0178,A0007
BreathRate,CO2,3,30,0.0081,0.004,A0007
Risk_bin,CO2,3,30,-0.059,0.0216,A0007
Humidity,CO2,4,40,-0.0383,0.0226,A0007
CO2,CO2,4,40,0.0578,0.0,A0007
TVOC,CO2,4,40,-0.0198,0.0,A0007
TVOC,CO2,5,50,0.0326,0.0004,A0007
Activity_IR,CO2,6,60,-0.0209,0.0308,A0007
CO2,CO2,6,60,-0.0607,0.0043,A0007
TVOC,CO2,6,60,-0.0046,0.0,A0007
HeartRate,HeartRate,1,10,0.3921,0.0,A0007
BreathRate,HeartRate,1,10,0.0611,0.0397,A0007
StressIndex,HeartRate,1,10,0.0149,0.0389,A0007
Temperature,HeartRate,1,10,-0.0089,0.0491,A0007
Risk_bin,HeartRate,1,10,-0.0766,0.0104,A0007
Activity_IR,HeartRate,2,20,0.024,0.0164,A0007
HeartRate,HeartRate,2,20,0.1332,0.0,A0007
BreathRate,HeartRate,2,20,-0.0254,0.0414,A0007
StressIndex,HeartRate,2,20,-0.0067,0.0329,A0007
Risk_bin,HeartRate,2,20,-0.0626,0.0167,A0007
HeartRate,HeartRate,3,30,0.0904,0.0,A0007
Temperature,HeartRate,3,30,0.0094,0.0354,A0007
BreathRate,HeartRate,4,40,0.0039,0.028,A0007
Temperature,HeartRate,4,40,-0.0218,0.0017,A0007
Humidity,HeartRate,4,40,-0.06,0.0019,A0007
TVOC,HeartRate,4,40,0.0053,0.0299,A0007
Activity_IR,HeartRate,5,50,0.0331,0.0273,A0007
HeartRate,HeartRate,5,50,0.0222,0.0117,A0007
Temperature,HeartRate,5,50,-0.0311,0.0121,A0007
Humidity,HeartRate,5,50,-0.0033,0.0087,A0007
TVOC,HeartRate,6,60,0.0058,0.0438,A0007
Risk_bin,HeartRate,6,60,-0.0063,0.0005,A0007
Activity_IR,Humidity,1,10,0.0009,0.0013,A0007
HeartRate,Humidity,1,10,-0.0901,0.0006,A0007
StressIndex,Humidity,1,10,0.0011,0.0357,A0007
Temperature,Humidity,1,10,-0.0604,0.0002,A0007
Humidity,Humidity,1,10,0.6705,0.0,A0007
CO2,Humidity,1,10,0.0459,0.017,A0007
TVOC,Humidity,1,10,-0.046,0.0056,A0007
Activity_IR,Humidity,2,20,-0.031,0.0255,A0007
HeartRate,Humidity,2,20,0.0049,0.0033,A0007
Temperature,Humidity,2,20,-0.0412,0.0015,A0007
Humidity,Humidity,2,20,-0.0048,0.0351,A0007
Activity_IR,Humidity,3,30,-0.0367,0.0208,A0007
HeartRate,Humidity,3,30,-0.0154,0.0498,A0007
Humidity,Humidity,3,30,0.0546,0.0053,A0007
TVOC,Humidity,3,30,0.017,0.0134,A0007
Activity_IR,Humidity,4,40,0.0073,0.0013,A0007
Temperature,Humidity,4,40,0.0507,0.0085,A0007
Humidity,Humidity,4,40,-0.0127,0.0188,A0007
Risk_bin,Humidity,4,40,0.0111,0.0089,A0007
Activity_IR,Humidity,5,50,-0.0228,0.0355,A0007
HeartRate,Humidity,5,50,-0.01,0.0006,A0007
StressIndex,Humidity,5,50,0.0289,0.045,A0007
Temperature,Humidity,5,50,-0.0328,0.0238,A0007
Risk_bin,Humidity,5,50,0.031,0.0447,A0007
Activity_IR,Humidity,6,60,0.0333,0.0425,A0007
Humidity,Humidity,6,60,0.0282,0.0344,A0007
BreathRate,Risk_bin,1,10,-0.0232,0.013,A0007
StressIndex,Risk_bin,1,10,-0.0237,0.0226,A0007
TVOC,Risk_bin,1,10,0.0235,0.0405,A0007
Risk_bin,Risk_bin,1,10,0.3881,0.0,A0007
HeartRate,Risk_bin,2,20,-0.031,0.0053,A0007
BreathRate,Risk_bin,2,20,-0.058,0.0213,A0007
StressIndex,Risk_bin,2,20,-0.0509,0.0034,A0007
CO2,Risk_bin,2,20,-0.0261,0.0354,A0007
TVOC,Risk_bin,2,20,0.0739,0.0039,A0007
Risk_bin,Risk_bin,2,20,0.1223,0.0001,A0007
BreathRate,Risk_bin,3,30,-0.0037,0.0407,A0007
StressIndex,Risk_bin,3,30,-0.0122,0.0023,A0007
Temperature,Risk_bin,3,30,0.0079,0.0399,A0007
Risk_bin,Risk_bin,3,30,0.0997,0.0006,A0007
HeartRate,Risk_bin,4,40,-0.0218,0.0213,A0007
Risk_bin,Risk_bin,4,40,0.0411,0.0164,A0007
StressIndex,Risk_bin,5,50,-0.0511,0.0235,A0007
TVOC,Risk_bin,5,50,0.0551,0.0401,A0007
Risk_bin,Risk_bin,5,50,0.0221,0.0005,A0007
Temperature,Risk_bin,6,60,0.0206,0.0315,A0007
CO2,Risk_bin,6,60,-0.0573,0.0,A0007
TVOC,Risk_bin,6,60,0.0246,0.0022,A0007
Risk_bin,Risk_bin,6,60,0.0557,0.0103,A0007
HeartRate,StressIndex,1,10,-0.1086,0.001,A0007
StressIndex,StressIndex,1,10,0.1115,0.0013,A0007
Temperature,StressIndex,1,10,0.0337,0.0148,A0007
Risk_bin,StressIndex,1,10,-0.0256,0.0005,A0007
Activity_IR,StressIndex,2,20,-0.0268,0.0278,A0007
StressIndex,StressIndex,2,20,0.0542,0.0005,A0007
Temperature,StressIndex,2,20,0.0249,0.0291,A0007
StressIndex,StressIndex,3,30,0.068,0.002,A0007
Temperature,StressIndex,3,30,-0.0005,0.026,A0007
CO2,StressIndex,3,30,-0.0019,0.0439,A0007
BreathRate,StressIndex,4,40,-0.0365,0.0,A0007
StressIndex,StressIndex,4,40,0.0684,0.0152,A0007
Temperature,StressIndex,4,40,-0.0276,0.0108,A0007
Risk_bin,StressIndex,4,40,0.0037,0.0058,A0007
HeartRate,StressIndex,5,50,-0.0155,0.0073,A0007
Temperature,StressIndex,6,60,-0.0092,0.0023,A0007
TVOC,StressIndex,6,60,0.0135,0.0025,A0007
Temperature,TVOC,1,10,-0.0465,0.0029,A0007
CO2,TVOC,1,10,0.0779,0.0012,A0007
TVOC,TVOC,1,10,-0.0354,0.0249,A0007
Risk_bin,TVOC,1,10,-0.0311,0.0058,A0007
StressIndex,TVOC,2,20,0.0374,0.0012,A0007
Temperature,TVOC,2,20,0.0196,0.0129,A0007
TVOC,TVOC,2,20,-0.0361,0.0157,A0007
BreathRate,TVOC,3,30,0.0143,0.0146,A0007
CO2,TVOC,3,30,0.0366,0.0165,A0007
Risk_bin,TVOC,3,30,-0.0593,0.001,A0007
Temperature,TVOC,4,40,-0.029,0.0446,A0007
Humidity,TVOC,4,40,-0.0338,0.0306,A0007
CO2,TVOC,4,40,0.0516,0.0,A0007
TVOC,TVOC,4,40,-0.0355,0.0,A0007
StressIndex,TVOC,5,50,0.0239,0.0281,A0007
CO2,TVOC,5,50,-0.0131,0.0009,A0007
TVOC,TVOC,5,50,0.0585,0.0,A0007
CO2,TVOC,6,60,-0.0657,0.0001,A0007
TVOC,TVOC,6,60,0.0288,0.0,A0007
Risk_bin,TVOC,6,60,0.0193,0.0296,A0007
Activity_IR,Temperature,1,10,0.3058,0.0,A0007
HeartRate,Temperature,1,10,-0.0345,0.038,A0007
Temperature,Temperature,1,10,0.7711,0.0,A0007
Humidity,Temperature,1,10,0.1058,0.003,A0007
TVOC,Temperature,1,10,-0.0209,0.007,A0007
Activity_IR,Temperature,2,20,-0.0629,0.0,A0007
HeartRate,Temperature,2,20,-0.0144,0.029,A0007
Temperature,Temperature,2,20,-0.1936,0.0,A0007
Humidity,Temperature,2,20,0.0198,0.0281,A0007
Activity_IR,Temperature,3,30,-0.0909,0.0,A0007
Activity_IR,Temperature,4,40,-0.0701,0.0004,A0007
HeartRate,Temperature,4,40,0.0017,0.0069,A0007
Humidity,Temperature,4,40,-0.0114,0.0422,A0007
CO2,Temperature,4,40,-0.0475,0.0,A0007
TVOC,Temperature,4,40,0.0609,0.0,A0007
Activity_IR,Temperature,5,50,-0.0777,0.0002,A0007
HeartRate,Temperature,5,50,0.0231,0.0019,A0007
BreathRate,Temperature,5,50,-0.0015,0.0023,A0007
StressIndex,Temperature,5,50,0.0373,0.0098,A0007
Humidity,Temperature,5,50,0.0202,0.0177,A0007
CO2,Temperature,5,50,0.0071,0.0177,A0007
Activity_IR,Temperature,6,60,-0.0507,0.0043,A0007
Temperature,Temperature,6,60,0.0616,0.0035,A0007
CO2,Temperature,6,60,0.0185,0.0371,A0007
TVOC,Temperature,6,60,-0.0089,0.0121,A0007
Activity_IR,Activity_IR,1,10,0.3259,0.0,A0008
BreathRate,Activity_IR,1,10,0.0277,0.0067,A0008
Temperature,Activity_IR,1,10,0.0649,0.0058,A0008
Humidity,Activity_IR,1,10,-0.0222,0.0061,A0008
Activity_IR,Activity_IR,2,20,0.1054,0.0,A0008
HeartRate,Activity_IR,2,20,0.0204,0.0444,A0008
BreathRate,Activity_IR,2,20,0.0224,0.0019,A0008
Humidity,Activity_IR,2,20,-0.0315,0.0475,A0008
Activity_IR,Activity_IR,3,30,0.0351,0.0041,A0008
HeartRate,Activity_IR,3,30,0.015,0.0417,A0008
BreathRate,Activity_IR,3,30,-0.0151,0.0369,A0008
StressIndex,Activity_IR,3,30,0.0125,0.037,A0008
Temperature,Activity_IR,3,30,0.0409,0.0095,A0008
Humidity,Activity_IR,3,30,0.0112,0.009,A0008
Risk_bin,Activity_IR,3,30,-0.0106,0.0007,A0008
Activity_IR,Activity_IR,4,40,0.0428,0.0018,A0008
HeartRate,Activity_IR,4,40,0.0348,0.0075,A0008
StressIndex,Activity_IR,4,40,-0.0125,0.0454,A0008
Temperature,Activity_IR,4,40,-0.0317,0.0175,A0008
Activity_IR,Activity_IR,5,50,0.046,0.0004,A0008
HeartRate,Activity_IR,5,50,-0.0378,0.0246,A0008
BreathRate,Activity_IR,5,50,0.0008,0.0307,A0008
Humidity,Activity_IR,5,50,-0.035,0.0049,A0008
HeartRate,Activity_IR,6,60,-0.0167,0.0313,A0008
Temperature,Activity_IR,6,60,0.0245,0.021,A0008
Humidity,Activity_IR,6,60,-0.0183,0.0002,A0008
HeartRate,BreathRate,1,10,0.0597,0.0107,A0008
BreathRate,BreathRate,1,10,0.3323,0.0,A0008
CO2,BreathRate,1,10,-0.0411,0.0158,A0008
TVOC,BreathRate,1,10,-0.0352,0.0085,A0008
Risk_bin,BreathRate,1,10,-0.0244,0.0234,A0008
HeartRate,BreathRate,2,20,0.0462,0.0057,A0008
BreathRate,BreathRate,2,20,0.0229,0.0122,A0008
Humidity,BreathRate,2,20,0.0537,0.0008,A0008
Risk_bin,BreathRate,2,20,0.0072,0.0156,A0008
BreathRate,BreathRate,3,30,0.0794,0.0002,A0008
Temperature,BreathRate,3,30,-0.0029,0.0226,A0008
Activity_IR,BreathRate,4,40,0.0112,0.0012,A0008
BreathRate,BreathRate,4,40,0.0705,0.0,A0008
StressIndex,BreathRate,4,40,0.0259,0.0287,A0008
Humidity,BreathRate,4,40,0.0009,0.0119,A0008
CO2,BreathRate,4,40,0.0126,0.0293,A0008
TVOC,BreathRate,4,40,-0.0048,0.0218,A0008
Risk_bin,BreathRate,4,40,-0.0018,0.003,A0008
BreathRate,BreathRate,5,50,-0.0223,0.0002,A0008
Temperature,BreathRate,5,50,0.0053,0.0282,A0008
Humidity,BreathRate,5,50,-0.0196,0.0413,A0008
BreathRate,BreathRate,6,60,0.0362,0.0202,A0008
Temperature,BreathRate,6,60,0.0158,0.0367,A0008
Humidity,BreathRate,6,60,0.0031,0.0329,A0008
TVOC,BreathRate,6,60,-0.0216,0.0402,A0008
Activity_IR,CO2,1,10,0.0351,0.0328,A0008
BreathRate,CO2,1,10,0.0118,0.0301,A0008
CO2,CO2,1,10,0.0498,0.0,A0008
TVOC,CO2,1,10,-0.0339,0.0007,A0008
Risk_bin,CO2,1,10,-0.0238,0.0004,A0008
CO2,CO2,2,20,0.0692,0.0002,A0008
TVOC,CO2,2,20,-0.0306,0.0,A0008
Activity_IR,CO2,3,30,0.017,0.0312,A0008
BreathRate,CO2,3,30,0.0049,0.0462,A0008
StressIndex,CO2,3,30,0.0071,0.0005,A0008
Temperature,CO2,3,30,-0.0206,0.0464,A0008
CO2,CO2,3,30,0.0597,0.0,A0008
TVOC,CO2,3,30,-0.0123,0.0,A0008
Risk_bin,CO2,3,30,-0.0017,0.021,A0008
Activity_IR,CO2,4,40,0.0169,0.0153,A0008
HeartRate,CO2,4,40,-0.0023,0.0346,A0008
Humidity,CO2,4,40,-0.0458,0.0291,A0008
CO2,CO2,4,40,0.0008,0.0003,A0008
TVOC,CO2,4,40,-0.0197,0.0022,A0008
Risk_bin,CO2,4,40,0.007,0.0182,A0008
HeartRate,CO2,5,50,0.0248,0.0006,A0008
StressIndex,CO2,5,50,-0.0086,0.0388,A0008
Temperature,CO2,5,50,-0.011,0.0043,A0008
Humidity,CO2,5,50,0.0202,0.0033,A0008
CO2,CO2,5,50,0.0477,0.0002,A0008
TVOC,CO2,5,50,-0.0177,0.0023,A0008
CO2,CO2,6,60,0.0359,0.0,A0008
TVOC,CO2,6,60,-0.0152,0.0019,A0008
Activity_IR,HeartRate,1,10,0.0465,0.0091,A0008
HeartRate,HeartRate,1,10,0.4794,0.0,A0008
BreathRate,HeartRate,1,10,0.0496,0.004,A0008
StressIndex,HeartRate,1,10,-0.0222,0.0119,A0008
Humidity,HeartRate,1,10,-0.019,0.0023,A0008
Activity_IR,HeartRate,2,20,-0.0037,0.0482,A0008
HeartRate,HeartRate,2,20,0.1467,0.0,A0008
HeartRate,HeartRate,3,30,0.048,0.0,A0008
BreathRate,HeartRate,3,30,0.0108,0.0344,A0008
StressIndex,HeartRate,3,30,-0.0075,0.0019,A0008
Temperature,HeartRate,3,30,-0.0164,0.0439,A0008
Humidity,HeartRate,3,30,-0.0213,0.0194,A0008
Risk_bin,HeartRate,3,30,-0.0167,0.0368,A0008
HeartRate,HeartRate,4,40,0.0254,0.0004,A0008
BreathRate,HeartRate,4,40,0.0135,0.0285,A0008
Humidity,HeartRate,4,40,0.0037,0.0041,A0008
Risk_bin,HeartRate,4,40,-0.0027,0.004,A0008
Activity_IR,HeartRate,5,50,-0.027,0.0107,A0008
HeartRate,HeartRate,5,50,0.0385,0.0,A0008
Humidity,HeartRate,5,50,0.0043,0.0027,A0008
CO2,HeartRate,5,50,-0.0216,0.0375,A0008
TVOC,HeartRate,5,50,0.0126,0.0301,A0008
Risk_bin,HeartRate,6,60,-0.0446,0.0161,A0008
Activity_IR,Humidity,1,10,-0.0282,0.0176,A0008
Temperature,Humidity,1,10,-0.1404,0.0,A0008
Humidity,Humidity,1,10,0.7314,0.0,A0008
CO2,Humidity,1,10,0.0469,0.0139,A0008
TVOC,Humidity,1,10,0.0435,0.0158,A0008
Risk_bin,Humidity,1,10,0.0332,0.0002,A0008
Activity_IR,Humidity,2,20,-0.0214,0.0355,A0008
StressIndex,Humidity,2,20,-0.0393,0.0038,A0008
Temperature,Humidity,2,20,-0.0851,0.0,A0008
Humidity,Humidity,2,20,-0.1171,0.0,A0008
TVOC,Humidity,2,20,0.0062,0.0044,A0008
Activity_IR,Humidity,3,30,0.0078,0.0087,A0008
Temperature,Humidity,3,30,-0.0677,0.0014,A0008
Humidity,Humidity,3,30,0.0057,0.0292,A0008
HeartRate,Humidity,4,40,-0.0296,0.0,A0008
BreathRate,Humidity,4,40,-0.0223,0.02,A0008
Temperature,Humidity,4,40,-0.0001,0.0225,A0008
Humidity,Humidity,4,40,0.0236,0.0317,A0008
Activity_IR,Humidity,5,50,0.0037,0.0457,A0008
Temperature,Humidity,5,50,-0.0015,0.0066,A0008
TVOC,Humidity,5,50,0.0059,0.0255,A0008
Activity_IR,Humidity,6,60,-0.0195,0.0072,A0008
BreathRate,Humidity,6,60,0.0092,0.0305,A0008
Activity_IR,Risk_bin,1,10,-0.0532,0.0076,A0008
HeartRate,Risk_bin,1,10,-0.0391,0.0003,A0008
Risk_bin,Risk_bin,1,10,0.3816,0.0,A0008
BreathRate,Risk_bin,2,20,-0.0454,0.0066,A0008
Temperature,Risk_bin,2,20,-0.0102,0.0298,A0008
Risk_bin,Risk_bin,2,20,0.1566,0.0,A0008
Temperature,Risk_bin,3,30,0.0098,0.0186,A0008
CO2,Risk_bin,3,30,0.0151,0.0326,A0008
TVOC,Risk_bin,3,30,0.036,0.0062,A0008
Risk_bin,Risk_bin,3,30,0.0711,0.0,A0008
BreathRate,Risk_bin,4,40,-0.0314,0.0073,A0008
StressIndex,Risk_bin,4,40,0.0118,0.0206,A0008
Risk_bin,Risk_bin,4,40,0.0642,0.0005,A0008
CO2,Risk_bin,5,50,0.0036,0.0324,A0008
TVOC,Risk_bin,5,50,0.0321,0.0054,A0008
HeartRate,StressIndex,1,10,-0.0682,0.0277,A0008
StressIndex,StressIndex,1,10,0.159,0.0,A0008
HeartRate,StressIndex,2,20,-0.0222,0.0064,A0008
BreathRate,StressIndex,2,20,0.0142,0.0019,A0008
StressIndex,StressIndex,2,20,0.1091,0.0,A0008
Temperature,StressIndex,2,20,0.0244,0.0314,A0008
Risk_bin,StressIndex,2,20,-0.03,0.0363,A0008
HeartRate,StressIndex,3,30,-0.0082,0.0172,A0008
StressIndex,StressIndex,3,30,0.0442,0.023,A0008
Temperature,StressIndex,3,30,0.0032,0.0005,A0008
Humidity,StressIndex,3,30,0.0009,0.041,A0008
Activity_IR,StressIndex,4,40,0.0295,0.0054,A0008
StressIndex,StressIndex,4,40,0.0527,0.0008,A0008
Humidity,StressIndex,4,40,-0.0061,0.0228,A0008
Activity_IR,StressIndex,5,50,0.0104,0.0282,A0008
StressIndex,StressIndex,5,50,0.0528,0.0008,A0008
Temperature,StressIndex,5,50,-0.017,0.0071,A0008
Humidity,StressIndex,5,50,-0.0207,0.0186,A0008
CO2,StressIndex,5,50,0.0048,0.0007,A0008
TVOC,StressIndex,5,50,-0.0169,0.0017,A0008
HeartRate,StressIndex,6,60,-0.0218,0.005,A0008
StressIndex,StressIndex,6,60,-0.01,0.0,A0008
Humidity,StressIndex,6,60,0.0135,0.0187,A0008
TVOC,StressIndex,6,60,0.004,0.0297,A0008
Activity_IR,TVOC,1,10,0.0342,0.0135,A0008
BreathRate,TVOC,1,10,0.0056,0.0404,A0008
CO2,TVOC,1,10,0.0364,0.0007,A0008
TVOC,TVOC,1,10,-0.0462,0.005,A0008
Risk_bin,TVOC,1,10,-0.0211,0.0002,A0008
CO2,TVOC,2,20,0.0438,0.0014,A0008
TVOC,TVOC,2,20,-0.02,0.0,A0008
Activity_IR,TVOC,3,30,0.0115,0.0316,A0008
StressIndex,TVOC,3,30,0.009,0.0001,A0008
CO2,TVOC,3,30,0.054,0.0,A0008
TVOC,TVOC,3,30,-0.025,0.0495,A0008
Risk_bin,TVOC,3,30,0.0053,0.0192,A0008
Activity_IR,TVOC,4,40,0.014,0.0088,A0008
HeartRate,TVOC,4,40,-0.0044,0.0332,A0008
Humidity,TVOC,4,40,-0.0416,0.0358,A0008
CO2,TVOC,4,40,0.0078,0.0002,A0008
TVOC,TVOC,4,40,-0.0266,0.0014,A0008
Risk_bin,TVOC,4,40,0.0082,0.0253,A0008
HeartRate,TVOC,5,50,0.0301,0.0,A0008
StressIndex,TVOC,5,50,-0.0111,0.0107,A0008
Temperature,TVOC,5,50,-0.0031,0.0006,A0008
Humidity,TVOC,5,50,0.0236,0.0037,A0008
CO2,TVOC,5,50,0.036,0.0005,A0008
TVOC,TVOC,5,50,-0.0283,0.0116,A0008
Humidity,TVOC,6,60,-0.0458,0.0146,A0008
CO2,TVOC,6,60,0.0224,0.0,A0008
TVOC,TVOC,6,60,-0.0268,0.0008,A0008
Activity_IR,Temperature,1,10,0.0664,0.0056,A0008
Temperature,Temperature,1,10,0.8251,0.0,A0008
Humidity,Temperature,1,10,0.1455,0.0,A0008
CO2,Temperature,1,10,0.0615,0.0,A0008
HeartRate,Temperature,2,20,0.0028,0.0109,A0008
StressIndex,Temperature,2,20,0.0043,0.0383,A0008
Temperature,Temperature,2,20,-0.2856,0.0,A0008
Humidity,Temperature,2,20,-0.106,0.0,A0008
CO2,Temperature,2,20,0.0192,0.0362,A0008
Risk_bin,Temperature,2,20,-0.0105,0.0048,A0008
HeartRate,Temperature,3,30,-0.0033,0.0482,A0008
Temperature,Temperature,3,30,0.0404,0.0122,A0008
Humidity,Temperature,3,30,-0.0358,0.0001,A0008
CO2,Temperature,3,30,0.0274,0.0008,A0008
Risk_bin,Temperature,3,30,-0.0137,0.0006,A0008
Activity_IR,Temperature,4,40,0.0159,0.0088,A0008
BreathRate,Temperature,4,40,-0.0065,0.0023,A0008
Humidity,Temperature,4,40,-0.0445,0.0011,A0008
Temperature,Temperature,5,50,-0.0256,0.0,A0008
Humidity,Temperature,5,50,-0.0324,0.002,A0008
BreathRate,Temperature,6,60,0.0077,0.0374,A0008
Humidity,Temperature,6,60,-0.0238,0.0001,A0008
Activity_IR,Activity_IR,1,10,0.3917,0.0,A0010
HeartRate,Activity_IR,1,10,-0.0043,0.0129,A0010
StressIndex,Activity_IR,1,10,0.0331,0.0006,A0010
Temperature,Activity_IR,1,10,0.067,0.0,A0010
Humidity,Activity_IR,1,10,0.0066,0.0138,A0010
CO2,Activity_IR,1,10,0.0016,0.0293,A0010
TVOC,Activity_IR,1,10,-0.0077,0.0306,A0010
Activity_IR,Activity_IR,2,20,0.0288,0.0069,A0010
StressIndex,Activity_IR,2,20,0.0254,0.0195,A0010
Temperature,Activity_IR,2,20,-0.0068,0.01,A0010
Activity_IR,Activity_IR,3,30,0.0365,0.0185,A0010
Temperature,Activity_IR,3,30,-0.0083,0.0446,A0010
Humidity,Activity_IR,3,30,0.0277,0.0455,A0010
TVOC,Activity_IR,3,30,-0.0083,0.0292,A0010
HeartRate,Activity_IR,4,40,0.0519,0.0,A0010
BreathRate,Activity_IR,4,40,0.0281,0.0052,A0010
StressIndex,Activity_IR,4,40,-0.017,0.0277,A0010
Humidity,Activity_IR,4,40,0.0203,0.0287,A0010
CO2,Activity_IR,4,40,0.0226,0.0207,A0010
TVOC,Activity_IR,4,40,0.0233,0.0162,A0010
HeartRate,Activity_IR,5,50,-0.0184,0.0199,A0010
StressIndex,Activity_IR,5,50,-0.0311,0.0052,A0010
Humidity,Activity_IR,5,50,0.0013,0.0257,A0010
HeartRate,BreathRate,1,10,0.0764,0.0003,A0010
BreathRate,BreathRate,1,10,0.3011,0.0,A0010
Temperature,BreathRate,1,10,0.0044,0.0159,A0010
Risk_bin,BreathRate,1,10,-0.0209,0.004,A0010
HeartRate,BreathRate,2,20,0.0232,0.0331,A0010
BreathRate,BreathRate,2,20,0.0777,0.0002,A0010
Temperature,BreathRate,2,20,0.0277,0.0304,A0010
CO2,BreathRate,2,20,-0.0046,0.0001,A0010
TVOC,BreathRate,2,20,0.024,0.0,A0010
Activity_IR,BreathRate,3,30,-0.0163,0.0056,A0010
HeartRate,BreathRate,3,30,-0.0131,0.0331,A0010
BreathRate,BreathRate,3,30,0.0823,0.0004,A0010
Temperature,BreathRate,3,30,-0.0293,0.0114,A0010
Risk_bin,BreathRate,3,30,0.0052,0.0229,A0010
BreathRate,BreathRate,4,40,0.0424,0.0,A0010
Humidity,BreathRate,4,40,0.0108,0.0354,A0010
TVOC,BreathRate,4,40,-0.01,0.0331,A0010
BreathRate,BreathRate,5,50,0.0306,0.0039,A0010
StressIndex,BreathRate,5,50,-0.0034,0.0172,A0010
Temperature,BreathRate,5,50,-0.0061,0.035,A0010
HeartRate,BreathRate,6,60,0.0096,0.0039,A0010
BreathRate,BreathRate,6,60,0.0472,0.0022,A0010
CO2,BreathRate,6,60,0.0121,0.006,A0010
TVOC,BreathRate,6,60,0.0125,0.0066,A0010
Activity_IR,CO2,1,10,0.1115,0.0,A0010
HeartRate,CO2,1,10,-0.0209,0.0003,A0010
StressIndex,CO2,1,10,0.0027,0.0002,A0010
Humidity,CO2,1,10,-0.005,0.0194,A0010
CO2,CO2,1,10,0.0614,0.0,A0010
TVOC,CO2,1,10,-0.0323,0.0095,A0010
Activity_IR,CO2,2,20,-0.0304,0.0092,A0010
HeartRate,CO2,2,20,0.0283,0.0065,A0010
StressIndex,CO2,2,20,0.0031,0.0453,A0010
CO2,CO2,2,20,-0.0052,0.0004,A0010
TVOC,CO2,2,20,0.026,0.0001,A0010
Activity_IR,CO2,3,30,-0.0066,0.0178,A0010
Temperature,CO2,3,30,0.0133,0.0041,A0010
CO2,CO2,3,30,0.0094,0.0001,A0010
TVOC,CO2,3,30,0.0353,0.0,A0010
Temperature,CO2,4,40,0.0007,0.0247,A0010
Humidity,CO2,4,40,-0.0174,0.0088,A0010
TVOC,CO2,4,40,0.0269,0.0329,A0010
CO2,CO2,5,50,0.0275,0.0262,A0010
Activity_IR,CO2,6,60,-0.0206,0.0137,A0010
BreathRate,CO2,6,60,0.0045,0.0088,A0010
Temperature,CO2,6,60,-0.0092,0.0291,A0010
CO2,CO2,6,60,-0.0102,0.0454,A0010
TVOC,CO2,6,60,-0.0038,0.0284,A0010
Risk_bin,CO2,6,60,-0.0056,0.0053,A0010
Activity_IR,HeartRate,1,10,0.0179,0.0002,A0010
HeartRate,HeartRate,1,10,0.3708,0.0,A0010
BreathRate,HeartRate,1,10,0.0735,0.0,A0010
StressIndex,HeartRate,1,10,-0.0261,0.0418,A0010
Temperature,HeartRate,1,10,0.0388,0.0024,A0010
Humidity,HeartRate,1,10,0.0199,0.0285,A0010
CO2,HeartRate,1,10,0.0223,0.0003,A0010
TVOC,HeartRate,1,10,0.0178,0.0003,A0010
Risk_bin,HeartRate,1,10,-0.0867,0.0,A0010
Activity_IR,HeartRate,2,20,-0.0268,0.004,A0010
HeartRate,HeartRate,2,20,0.1505,0.0,A0010
BreathRate,HeartRate,2,20,0.0376,0.0001,A0010
Temperature,HeartRate,2,20,0.012,0.0065,A0010
CO2,HeartRate,2,20,0.0195,0.0143,A0010
TVOC,HeartRate,2,20,-0.0058,0.0191,A0010
Risk_bin,HeartRate,2,20,0.0144,0.0095,A0010
HeartRate,HeartRate,3,30,0.0552,0.0009,A0010
BreathRate,HeartRate,3,30,-0.0464,0.0019,A0010
Humidity,HeartRate,3,30,-0.0029,0.0038,A0010
HeartRate,HeartRate,4,40,0.0527,0.0003,A0010
BreathRate,HeartRate,4,40,-0.0073,0.0051,A0010
Temperature,HeartRate,4,40,-0.0096,0.0372,A0010
Humidity,HeartRate,4,40,-0.007,0.0,A0010
CO2,HeartRate,4,40,-0.0093,0.014,A0010
TVOC,HeartRate,4,40,-0.005,0.0171,A0010
Risk_bin,HeartRate,4,40,-0.0167,0.0248,A0010
Activity_IR,HeartRate,5,50,-0.0013,0.0134,A0010
HeartRate,HeartRate,5,50,0.0118,0.0064,A0010
StressIndex,HeartRate,5,50,-0.0169,0.032,A0010
Humidity,HeartRate,5,50,0.0346,0.0002,A0010
CO2,HeartRate,5,50,0.0008,0.0081,A0010
TVOC,HeartRate,5,50,-0.0189,0.006,A0010
Activity_IR,HeartRate,6,60,0.0039,0.0069,A0010
HeartRate,HeartRate,6,60,0.0257,0.0359,A0010
Humidity,HeartRate,6,60,-0.0058,0.0225,A0010
CO2,HeartRate,6,60,-0.0221,0.0361,A0010
TVOC,HeartRate,6,60,-0.0147,0.0449,A0010
Activity_IR,Humidity,1,10,-0.0424,0.0001,A0010
BreathRate,Humidity,1,10,0.0079,0.0327,A0010
Temperature,Humidity,1,10,-0.1252,0.0,A0010
Humidity,Humidity,1,10,0.7105,0.0,A0010
CO2,Humidity,1,10,0.0948,0.0,A0010
TVOC,Humidity,1,10,0.0612,0.0,A0010
Activity_IR,Humidity,2,20,0.0279,0.001,A0010
StressIndex,Humidity,2,20,0.0172,0.0134,A0010
Temperature,Humidity,2,20,-0.0701,0.0002,A0010
Humidity,Humidity,2,20,-0.0388,0.0034,A0010
CO2,Humidity,2,20,0.0223,0.0221,A0010
TVOC,Humidity,2,20,0.0206,0.0194,A0010
Activity_IR,Humidity,3,30,0.0156,0.0328,A0010
Temperature,Humidity,3,30,0.0158,0.0332,A0010
Humidity,Humidity,3,30,0.0427,0.0085,A0010
CO2,Humidity,3,30,-0.0003,0.0045,A0010
TVOC,Humidity,3,30,-0.002,0.0037,A0010
HeartRate,Humidity,4,40,0.0059,0.0084,A0010
Temperature,Humidity,4,40,0.0301,0.0041,A0010
CO2,Humidity,4,40,0.028,0.045,A0010
TVOC,Humidity,4,40,0.0279,0.0475,A0010
StressIndex,Humidity,5,50,0.0233,0.0499,A0010
Temperature,Humidity,5,50,0.0379,0.0024,A0010
Humidity,Humidity,5,50,-0.0076,0.0102,A0010
Activity_IR,Humidity,6,60,-0.013,0.0085,A0010
HeartRate,Humidity,6,60,-0.0323,0.0049,A0010
StressIndex,Humidity,6,60,0.0404,0.0003,A0010
Temperature,Humidity,6,60,0.0126,0.0022,A0010
CO2,Humidity,6,60,0.0146,0.0149,A0010
TVOC,Humidity,6,60,0.0371,0.0057,A0010
HeartRate,Risk_bin,1,10,-0.0545,0.0241,A0010
BreathRate,Risk_bin,1,10,-0.0318,0.0067,A0010
StressIndex,Risk_bin,1,10,-0.0395,0.0022,A0010
Risk_bin,Risk_bin,1,10,0.3818,0.0,A0010
HeartRate,Risk_bin,2,20,-0.0092,0.0178,A0010
BreathRate,Risk_bin,2,20,-0.0098,0.0218,A0010
Temperature,Risk_bin,2,20,-0.0045,0.025,A0010
Risk_bin,Risk_bin,2,20,0.0918,0.0,A0010
BreathRate,Risk_bin,3,30,0.031,0.0074,A0010
StressIndex,Risk_bin,3,30,-0.0332,0.0042,A0010
CO2,Risk_bin,3,30,-0.0101,0.0182,A0010
TVOC,Risk_bin,3,30,-0.009,0.0331,A0010
Risk_bin,Risk_bin,3,30,0.0335,0.0,A0010
BreathRate,Risk_bin,4,40,0.0033,0.002,A0010
Temperature,Risk_bin,4,40,-0.0153,0.0091,A0010
BreathRate,Risk_bin,5,50,-0.0012,0.0456,A0010
StressIndex,Risk_bin,5,50,-0.0349,0.0287,A0010
Risk_bin,Risk_bin,5,50,0.0139,0.0092,A0010
BreathRate,Risk_bin,6,60,0.0042,0.0359,A0010
Risk_bin,Risk_bin,6,60,0.0438,0.0001,A0010
HeartRate,StressIndex,1,10,-0.0533,0.0027,A0010
StressIndex,StressIndex,1,10,0.242,0.0,A0010
CO2,StressIndex,1,10,-0.0001,0.044,A0010
TVOC,StressIndex,1,10,-0.0007,0.0404,A0010
Risk_bin,StressIndex,1,10,-0.0386,0.0029,A0010
Activity_IR,StressIndex,2,20,0.0177,0.0493,A0010
HeartRate,StressIndex,2,20,-0.0366,0.0089,A0010
StressIndex,StressIndex,2,20,0.1375,0.0,A0010
Risk_bin,StressIndex,2,20,-0.0303,0.0038,A0010
StressIndex,StressIndex,3,30,0.0763,0.0001,A0010
HeartRate,StressIndex,4,40,-0.0024,0.0434,A0010
BreathRate,StressIndex,4,40,-0.0041,0.0101,A0010
StressIndex,StressIndex,4,40,0.0403,0.0011,A0010
TVOC,StressIndex,4,40,0.0026,0.0467,A0010
Risk_bin,StressIndex,4,40,-0.0051,0.0102,A0010
BreathRate,StressIndex,5,50,0.01,0.0322,A0010
StressIndex,StressIndex,5,50,0.0558,0.0019,A0010
Temperature,StressIndex,5,50,-0.0049,0.0443,A0010
Activity_IR,StressIndex,6,60,-0.0196,0.0115,A0010
HeartRate,StressIndex,6,60,-0.0138,0.0124,A0010
StressIndex,StressIndex,6,60,0.0242,0.0142,A0010
Temperature,StressIndex,6,60,-0.0049,0.031,A0010
TVOC,StressIndex,6,60,-0.0113,0.0407,A0010
Risk_bin,StressIndex,6,60,-0.0235,0.0026,A0010
Activity_IR,TVOC,1,10,0.1101,0.0,A0010
HeartRate,TVOC,1,10,-0.024,0.0001,A0010
StressIndex,TVOC,1,10,0.0039,0.0005,A0010
Humidity,TVOC,1,10,-0.0066,0.0238,A0010
CO2,TVOC,1,10,0.0669,0.0,A0010
TVOC,TVOC,1,10,-0.0142,0.0183,A0010
Activity_IR,TVOC,2,20,-0.0335,0.0074,A0010
HeartRate,TVOC,2,20,0.0273,0.0059,A0010
CO2,TVOC,2,20,-0.0088,0.0001,A0010
TVOC,TVOC,2,20,0.0299,0.0,A0010
Activity_IR,TVOC,3,30,-0.0065,0.022,A0010
Temperature,TVOC,3,30,0.0128,0.002,A0010
CO2,TVOC,3,30,0.0043,0.0,A0010
TVOC,TVOC,3,30,0.0351,0.0,A0010
Temperature,TVOC,4,40,-0.0014,0.0496,A0010
Humidity,TVOC,4,40,-0.0232,0.0206,A0010
TVOC,TVOC,4,40,0.0228,0.042,A0010
BreathRate,TVOC,5,50,-0.0281,0.0447,A0010
CO2,TVOC,5,50,0.0255,0.0424,A0010
Activity_IR,TVOC,6,60,-0.0197,0.0129,A0010
BreathRate,TVOC,6,60,0.0028,0.0088,A0010
Temperature,TVOC,6,60,-0.0094,0.035,A0010
TVOC,TVOC,6,60,-0.0048,0.0341,A0010
Risk_bin,TVOC,6,60,-0.0048,0.0077,A0010
Activity_IR,Temperature,1,10,0.0844,0.0,A0010
HeartRate,Temperature,1,10,-0.0103,0.0335,A0010
Temperature,Temperature,1,10,0.802,0.0,A0010
Humidity,Temperature,1,10,0.0738,0.0,A0010
CO2,Temperature,1,10,0.0474,0.0134,A0010
TVOC,Temperature,1,10,0.0426,0.0165,A0010
Activity_IR,Temperature,2,20,-0.0615,0.0022,A0010
HeartRate,Temperature,2,20,-0.0138,0.0368,A0010
StressIndex,Temperature,2,20,0.0219,0.0479,A0010
Temperature,Temperature,2,20,-0.2422,0.0,A0010
CO2,Temperature,2,20,-0.0096,0.0493,A0010
TVOC,Temperature,2,20,0.0045,0.0294,A0010
Temperature,Temperature,3,30,0.0005,0.008,A0010
CO2,Temperature,3,30,-0.0097,0.0062,A0010
TVOC,Temperature,3,30,0.0117,0.0013,A0010
Activity_IR,Temperature,4,40,-0.0059,0.0318,A0010
BreathRate,Temperature,4,40,0.0078,0.0125,A0010
Humidity,Temperature,4,40,0.0074,0.0145,A0010
CO2,Temperature,4,40,0.0372,0.0,A0010
TVOC,Temperature,4,40,-0.0031,0.0,A0010
HeartRate,Temperature,5,50,0.0193,0.0026,A0010
StressIndex,Temperature,5,50,-0.0403,0.0161,A0010
CO2,Temperature,5,50,-0.0152,0.0047,A0010
TVOC,Temperature,5,50,-0.038,0.0053,A0010
HeartRate,Temperature,6,60,0.0243,0.0072,A0010
Risk_bin,Temperature,6,60,-0.0262,0.0227,A0010
Activity_IR,Activity_IR,1,10,0.4387,0.0,A0012
HeartRate,Activity_IR,1,10,0.0132,0.0151,A0012
Humidity,Activity_IR,1,10,-0.0348,0.0042,A0012
CO2,Activity_IR,1,10,-0.0924,0.0,A0012
TVOC,Activity_IR,1,10,-0.0379,0.0,A0012
Risk_bin,Activity_IR,1,10,-0.0492,0.0177,A0012
Activity_IR,Activity_IR,2,20,-0.0009,0.0,A0012
Temperature,Activity_IR,2,20,0.0308,0.0392,A0012
Humidity,Activity_IR,2,20,-0.04,0.0021,A0012
CO2,Activity_IR,2,20,-0.0223,0.008,A0012
TVOC,Activity_IR,2,20,-0.0227,0.0073,A0012
Activity_IR,Activity_IR,3,30,0.0591,0.0005,A0012
HeartRate,Activity_IR,3,30,0.0216,0.0146,A0012
Humidity,Activity_IR,3,30,0.0399,0.0028,A0012
CO2,Activity_IR,3,30,0.0062,0.0428,A0012
TVOC,Activity_IR,3,30,-0.009,0.0191,A0012
Activity_IR,Activity_IR,4,40,0.0118,0.0,A0012
HeartRate,Activity_IR,4,40,0.0254,0.0083,A0012
BreathRate,Activity_IR,4,40,0.0416,0.012,A0012
Temperature,Activity_IR,4,40,0.0275,0.0373,A0012
Humidity,Activity_IR,4,40,-0.0042,0.0184,A0012
CO2,Activity_IR,4,40,0.0291,0.0404,A0012
TVOC,Activity_IR,4,40,0.0248,0.037,A0012
Activity_IR,Activity_IR,5,50,0.0272,0.0057,A0012
Humidity,Activity_IR,5,50,-0.0144,0.0207,A0012
CO2,Activity_IR,5,50,0.0398,0.0249,A0012
TVOC,Activity_IR,5,50,0.0366,0.0242,A0012
Activity_IR,Activity_IR,6,60,-0.0092,0.0084,A0012
HeartRate,Activity_IR,6,60,-0.0199,0.0252,A0012
BreathRate,Activity_IR,6,60,0.0214,0.021,A0012
Humidity,Activity_IR,6,60,-0.0081,0.0135,A0012
CO2,Activity_IR,6,60,0.0548,0.0403,A0012
TVOC,Activity_IR,6,60,-0.0053,0.0287,A0012
Risk_bin,Activity_IR,6,60,-0.0401,0.0178,A0012
Activity_IR,BreathRate,1,10,0.0284,0.0388,A0012
HeartRate,BreathRate,1,10,0.0407,0.002,A0012
BreathRate,BreathRate,1,10,0.4061,0.0,A0012
Temperature,BreathRate,1,10,-0.0028,0.0446,A0012
HeartRate,BreathRate,2,20,0.0234,0.0309,A0012
BreathRate,BreathRate,2,20,0.0261,0.0003,A0012
HeartRate,BreathRate,3,30,0.0238,0.011,A0012
BreathRate,BreathRate,3,30,0.055,0.0001,A0012
StressIndex,BreathRate,3,30,-0.0385,0.0051,A0012
Humidity,BreathRate,3,30,-0.0161,0.0121,A0012
Temperature,BreathRate,4,40,0.0169,0.0224,A0012
HeartRate,BreathRate,5,50,0.001,0.0112,A0012
Humidity,BreathRate,5,50,0.0328,0.041,A0012
CO2,BreathRate,5,50,0.003,0.0284,A0012
TVOC,BreathRate,5,50,0.0009,0.0319,A0012
BreathRate,BreathRate,6,60,0.0333,0.0263,A0012
StressIndex,BreathRate,6,60,0.0111,0.0324,A0012
Humidity,BreathRate,6,60,0.0238,0.0145,A0012
Risk_bin,BreathRate,6,60,0.0096,0.0166,A0012
Activity_IR,CO2,1,10,0.168,0.0,A0012
Temperature,CO2,1,10,0.0279,0.0014,A0012
Humidity,CO2,1,10,0.0163,0.0126,A0012
CO2,CO2,1,10,-0.066,0.0059,A0012
TVOC,CO2,1,10,-0.0684,0.0106,A0012
Activity_IR,CO2,2,20,-0.055,0.0083,A0012
HeartRate,CO2,2,20,0.0133,0.0297,A0012
StressIndex,CO2,2,20,0.0442,0.0017,A0012
Activity_IR,CO2,3,30,-0.0371,0.0044,A0012
HeartRate,CO2,3,30,-0.0287,0.0092,A0012
BreathRate,CO2,3,30,-0.03,0.0445,A0012
Humidity,CO2,3,30,-0.0272,0.0482,A0012
CO2,CO2,3,30,0.0236,0.0011,A0012
TVOC,CO2,3,30,0.0144,0.0016,A0012
Risk_bin,CO2,3,30,-0.0314,0.0214,A0012
Activity_IR,CO2,4,40,-0.0171,0.0002,A0012
BreathRate,CO2,4,40,0.0008,0.0493,A0012
StressIndex,CO2,4,40,0.0178,0.0436,A0012
Humidity,CO2,4,40,0.0014,0.0092,A0012
CO2,CO2,4,40,0.0118,0.0052,A0012
TVOC,CO2,4,40,-0.0305,0.032,A0012
Activity_IR,CO2,5,50,0.0209,0.0,A0012
Temperature,CO2,5,50,-0.0025,0.0149,A0012
Humidity,CO2,5,50,0.0138,0.0464,A0012
CO2,CO2,5,50,-0.0008,0.0138,A0012
TVOC,CO2,5,50,-0.0054,0.0034,A0012
Activity_IR,CO2,6,60,-0.0548,0.001,A0012
HeartRate,CO2,6,60,-0.0221,0.0218,A0012
Temperature,CO2,6,60,-0.0257,0.0356,A0012
Humidity,CO2,6,60,-0.0309,0.0239,A0012
CO2,CO2,6,60,0.0362,0.0007,A0012
TVOC,CO2,6,60,-0.0202,0.0116,A0012
Activity_IR,HeartRate,1,10,0.0366,0.0,A0012
HeartRate,HeartRate,1,10,0.4408,0.0,A0012
BreathRate,HeartRate,1,10,0.0431,0.022,A0012
Temperature,HeartRate,1,10,0.0034,0.0401,A0012
Humidity,HeartRate,1,10,0.0062,0.0048,A0012
CO2,HeartRate,1,10,0.0445,0.001,A0012
TVOC,HeartRate,1,10,0.0118,0.0176,A0012
Risk_bin,HeartRate,1,10,-0.032,0.0012,A0012
HeartRate,HeartRate,2,20,0.0938,0.0,A0012
BreathRate,HeartRate,2,20,0.0132,0.0286,A0012
Humidity,HeartRate,2,20,0.0131,0.0039,A0012
CO2,HeartRate,2,20,0.0349,0.0207,A0012
TVOC,HeartRate,2,20,0.0368,0.022,A0012
Risk_bin,HeartRate,2,20,-0.0255,0.0194,A0012
Activity_IR,HeartRate,3,30,-0.0098,0.0006,A0012
HeartRate,HeartRate,3,30,0.0924,0.0001,A0012
CO2,HeartRate,3,30,-0.0105,0.0124,A0012
TVOC,HeartRate,3,30,-0.0479,0.006,A0012
Risk_bin,HeartRate,3,30,0.0017,0.0323,A0012
HeartRate,HeartRate,4,40,0.0069,0.0059,A0012
Humidity,HeartRate,4,40,0.0075,0.0332,A0012
CO2,HeartRate,4,40,0.0221,0.03,A0012
TVOC,HeartRate,4,40,0.0209,0.0226,A0012
HeartRate,HeartRate,5,50,0.0562,0.0,A0012
BreathRate,HeartRate,5,50,-0.0003,0.0174,A0012
Humidity,HeartRate,5,50,0.0173,0.0071,A0012
Risk_bin,HeartRate,5,50,0.0282,0.0279,A0012
Activity_IR,HeartRate,6,60,0.0395,0.0358,A0012
HeartRate,HeartRate,6,60,-0.0373,0.0,A0012
StressIndex,HeartRate,6,60,-0.0141,0.0499,A0012
Humidity,HeartRate,6,60,-0.0137,0.0287,A0012
TVOC,HeartRate,6,60,0.0291,0.0444,A0012
Risk_bin,HeartRate,6,60,0.0137,0.016,A0012
Activity_IR,Humidity,1,10,-0.0444,0.0015,A0012
Temperature,Humidity,1,10,-0.1542,0.0,A0012
Humidity,Humidity,1,10,0.664,0.0,A0012
CO2,Humidity,1,10,0.0331,0.0004,A0012
TVOC,Humidity,1,10,0.0304,0.0019,A0012
Risk_bin,Humidity,1,10,0.0114,0.0402,A0012
Activity_IR,Humidity,2,20,-0.0146,0.0,A0012
HeartRate,Humidity,2,20,-0.0428,0.0103,A0012
StressIndex,Humidity,2,20,0.0165,0.0292,A0012
Temperature,Humidity,2,20,0.0374,0.0,A0012
Humidity,Humidity,2,20,0.0674,0.0042,A0012
CO2,Humidity,2,20,-0.0034,0.0008,A0012
TVOC,Humidity,2,20,-0.0037,0.0003,A0012
Risk_bin,Humidity,2,20,-0.0119,0.0044,A0012
Activity_IR,Humidity,3,30,0.0422,0.0,A0012
StressIndex,Humidity,3,30,0.0015,0.0473,A0012
Temperature,Humidity,3,30,0.0321,0.009,A0012
Humidity,Humidity,3,30,-0.0081,0.009,A0012
CO2,Humidity,3,30,0.04,0.0249,A0012
TVOC,Humidity,3,30,0.0378,0.0355,A0012
StressIndex,Humidity,4,40,0.0061,0.0325,A0012
Temperature,Humidity,4,40,0.0392,0.0279,A0012
Humidity,Humidity,4,40,0.0347,0.0422,A0012
CO2,Humidity,4,40,0.0059,0.0091,A0012
TVOC,Humidity,4,40,0.037,0.006,A0012
Activity_IR,Humidity,5,50,0.0064,0.0143,A0012
HeartRate,Humidity,5,50,0.0025,0.0098,A0012
TVOC,Humidity,5,50,-0.0004,0.0152,A0012
HeartRate,Humidity,6,60,0.0053,0.0293,A0012
Temperature,Humidity,6,60,-0.0064,0.0264,A0012
Humidity,Humidity,6,60,0.0409,0.0375,A0012
CO2,Humidity,6,60,-0.0227,0.0263,A0012
TVOC,Humidity,6,60,-0.0219,0.0231,A0012
HeartRate,Risk_bin,1,10,0.0024,0.022,A0012
BreathRate,Risk_bin,1,10,-0.0362,0.0269,A0012
Temperature,Risk_bin,1,10,-0.0256,0.0271,A0012
Humidity,Risk_bin,1,10,0.017,0.0433,A0012
CO2,Risk_bin,1,10,0.0034,0.0005,A0012
TVOC,Risk_bin,1,10,-0.0413,0.0002,A0012
Risk_bin,Risk_bin,1,10,0.4767,0.0,A0012
Activity_IR,Risk_bin,2,20,-0.0572,0.0114,A0012
Temperature,Risk_bin,2,20,-0.0047,0.0468,A0012
CO2,Risk_bin,2,20,-0.0613,0.0036,A0012
TVOC,Risk_bin,2,20,-0.0593,0.0036,A0012
Risk_bin,Risk_bin,2,20,0.1032,0.0,A0012
StressIndex,Risk_bin,3,30,-0.0398,0.0413,A0012
Humidity,Risk_bin,3,30,-0.0297,0.0093,A0012
CO2,Risk_bin,3,30,-0.0358,0.0233,A0012
TVOC,Risk_bin,3,30,-0.0329,0.0365,A0012
Risk_bin,Risk_bin,3,30,0.0879,0.0,A0012
Humidity,Risk_bin,4,40,0.0107,0.0216,A0012
Risk_bin,Risk_bin,4,40,0.078,0.0,A0012
Temperature,Risk_bin,5,50,-0.0507,0.0054,A0012
CO2,Risk_bin,5,50,-0.0071,0.0427,A0012
TVOC,Risk_bin,5,50,0.0109,0.0095,A0012
Risk_bin,Risk_bin,5,50,0.0347,0.0,A0012
Temperature,Risk_bin,6,60,-0.0005,0.0061,A0012
CO2,Risk_bin,6,60,-0.0231,0.0446,A0012
Risk_bin,Risk_bin,6,60,0.0351,0.0001,A0012
HeartRate,StressIndex,1,10,-0.0555,0.0021,A0012
StressIndex,StressIndex,1,10,0.1727,0.0,A0012
Temperature,StressIndex,1,10,-0.0324,0.005,A0012
Humidity,StressIndex,1,10,0.0152,0.0404,A0012
Risk_bin,StressIndex,1,10,0.0126,0.0373,A0012
HeartRate,StressIndex,2,20,-0.0314,0.0,A0012
StressIndex,StressIndex,2,20,0.1113,0.0004,A0012
Humidity,StressIndex,2,20,-0.0063,0.0131,A0012
CO2,StressIndex,2,20,-0.0071,0.0485,A0012
StressIndex,StressIndex,3,30,0.0815,0.0,A0012
Humidity,StressIndex,3,30,0.0238,0.0493,A0012
Risk_bin,StressIndex,3,30,0.0074,0.0347,A0012
BreathRate,StressIndex,4,40,0.0162,0.011,A0012
StressIndex,StressIndex,4,40,0.0469,0.03,A0012
Temperature,StressIndex,4,40,-0.0095,0.0455,A0012
StressIndex,StressIndex,5,50,0.0538,0.0189,A0012
Temperature,StressIndex,5,50,0.0227,0.0037,A0012
Activity_IR,StressIndex,6,60,-0.0153,0.0452,A0012
StressIndex,StressIndex,6,60,0.0225,0.0063,A0012
Temperature,StressIndex,6,60,-0.0178,0.0054,A0012
Humidity,StressIndex,6,60,0.0074,0.0312,A0012
Risk_bin,StressIndex,6,60,-0.0067,0.0244,A0012
Activity_IR,TVOC,1,10,0.16,0.0,A0012
Temperature,TVOC,1,10,0.028,0.0021,A0012
Humidity,TVOC,1,10,0.0153,0.0077,A0012
CO2,TVOC,1,10,-0.066,0.0166,A0012
TVOC,TVOC,1,10,-0.065,0.0177,A0012
Activity_IR,TVOC,2,20,-0.047,0.0106,A0012
HeartRate,TVOC,2,20,0.0167,0.0215,A0012
StressIndex,TVOC,2,20,0.0467,0.001,A0012
Temperature,TVOC,2,20,-0.0107,0.0438,A0012
Activity_IR,TVOC,3,30,-0.0347,0.0063,A0012
HeartRate,TVOC,3,30,-0.0276,0.0059,A0012
BreathRate,TVOC,3,30,-0.028,0.0395,A0012
Temperature,TVOC,3,30,-0.0324,0.0039,A0012
Humidity,TVOC,3,30,-0.0243,0.0324,A0012
CO2,TVOC,3,30,0.0156,0.0011,A0012
TVOC,TVOC,3,30,0.0132,0.0013,A0012
Risk_bin,TVOC,3,30,-0.029,0.0236,A0012
Activity_IR,TVOC,4,40,-0.0177,0.0001,A0012
BreathRate,TVOC,4,40,-0.0002,0.0299,A0012
Humidity,TVOC,4,40,0.0036,0.0159,A0012
CO2,TVOC,4,40,0.0057,0.0072,A0012
TVOC,TVOC,4,40,-0.0283,0.0472,A0012
Activity_IR,TVOC,5,50,0.0222,0.0,A0012
BreathRate,TVOC,5,50,-0.0048,0.0296,A0012
Temperature,TVOC,5,50,-0.0058,0.0287,A0012
CO2,TVOC,5,50,-0.0055,0.0009,A0012
TVOC,TVOC,5,50,-0.0029,0.0044,A0012
Activity_IR,TVOC,6,60,-0.0559,0.0004,A0012
HeartRate,TVOC,6,60,-0.0178,0.0461,A0012
Temperature,TVOC,6,60,-0.0279,0.0156,A0012
Humidity,TVOC,6,60,-0.0218,0.0443,A0012
CO2,TVOC,6,60,0.0348,0.0013,A0012
TVOC,TVOC,6,60,-0.0201,0.0165,A0012
Risk_bin,TVOC,6,60,0.0008,0.0451,A0012
Activity_IR,Temperature,1,10,0.1321,0.0,A0012
HeartRate,Temperature,1,10,0.04,0.0039,A0012
BreathRate,Temperature,1,10,-0.0044,0.048,A0012
StressIndex,Temperature,1,10,-0.0242,0.0083,A0012
Temperature,Temperature,1,10,0.7893,0.0,A0012
Humidity,Temperature,1,10,0.0716,0.0,A0012
CO2,Temperature,1,10,0.0454,0.0002,A0012
TVOC,Temperature,1,10,0.0437,0.0002,A0012
Activity_IR,Temperature,2,20,-0.0758,0.0001,A0012
Temperature,Temperature,2,20,-0.1478,0.0,A0012
Activity_IR,Temperature,3,30,-0.0805,0.0,A0012
HeartRate,Temperature,3,30,0.008,0.0179,A0012
BreathRate,Temperature,3,30,0.0308,0.0002,A0012
Temperature,Temperature,3,30,-0.006,0.0,A0012
Temperature,Temperature,4,40,-0.0083,0.0001,A0012
CO2,Temperature,4,40,-0.0268,0.0204,A0012
TVOC,Temperature,4,40,-0.0306,0.0064,A0012
Activity_IR,Temperature,5,50,0.0142,0.0027,A0012
Temperature,Temperature,5,50,0.0287,0.0067,A0012
CO2,Temperature,5,50,0.0271,0.0389,A0012
TVOC,Temperature,5,50,0.0098,0.0304,A0012
Activity_IR,Temperature,6,60,0.0123,0.0025,A0012
HeartRate,Temperature,6,60,-0.0232,0.0021,A0012
Temperature,Temperature,6,60,0.0183,0.007,A0012
Humidity,Temperature,6,60,-0.0146,0.0172,A0012
Activity_IR,Activity_IR,1,10,0.3123,0.0,A0013
BreathRate,Activity_IR,1,10,0.0482,0.0117,A0013
StressIndex,Activity_IR,1,10,0.0071,0.0168,A0013
Temperature,Activity_IR,1,10,0.0765,0.0002,A0013
Humidity,Activity_IR,1,10,0.0045,0.0037,A0013
TVOC,Activity_IR,1,10,-0.0004,0.0361,A0013
Risk_bin,Activity_IR,1,10,-0.0606,0.0,A0013
Activity_IR,Activity_IR,2,20,0.0469,0.0001,A0013
BreathRate,Activity_IR,2,20,-0.0004,0.0299,A0013
StressIndex,Activity_IR,2,20,0.0393,0.0049,A0013
Temperature,Activity_IR,2,20,0.0465,0.0002,A0013
Humidity,Activity_IR,2,20,0.0139,0.0045,A0013
CO2,Activity_IR,2,20,0.017,0.0209,A0013
TVOC,Activity_IR,2,20,0.013,0.0001,A0013
Activity_IR,Activity_IR,3,30,0.0659,0.0,A0013
HeartRate,Activity_IR,3,30,-0.0041,0.0421,A0013
Temperature,Activity_IR,3,30,0.0344,0.0006,A0013
CO2,Activity_IR,3,30,0.0527,0.0001,A0013
TVOC,Activity_IR,3,30,0.0041,0.0019,A0013
Temperature,Activity_IR,4,40,0.0264,0.0229,A0013
Humidity,Activity_IR,4,40,0.0432,0.0136,A0013
CO2,Activity_IR,4,40,0.0334,0.011,A0013
TVOC,Activity_IR,4,40,0.0035,0.0009,A0013
Risk_bin,Activity_IR,4,40,-0.0168,0.0186,A0013
HeartRate,Activity_IR,5,50,-0.0182,0.0206,A0013
StressIndex,Activity_IR,5,50,0.0219,0.0379,A0013
Temperature,Activity_IR,5,50,0.0156,0.0457,A0013
CO2,Activity_IR,5,50,0.024,0.0465,A0013
BreathRate,Activity_IR,6,60,0.012,0.0322,A0013
StressIndex,Activity_IR,6,60,0.0089,0.0495,A0013
Humidity,Activity_IR,6,60,0.0103,0.0017,A0013
CO2,Activity_IR,6,60,0.0128,0.0033,A0013
TVOC,Activity_IR,6,60,-0.0122,0.0043,A0013
HeartRate,BreathRate,1,10,0.0314,0.0057,A0013
BreathRate,BreathRate,1,10,0.3694,0.0,A0013
Activity_IR,BreathRate,2,20,0.0021,0.0483,A0013
BreathRate,BreathRate,2,20,0.0639,0.0,A0013
Temperature,BreathRate,2,20,-0.0004,0.0398,A0013
Humidity,BreathRate,2,20,0.0124,0.0057,A0013
Risk_bin,BreathRate,2,20,-0.012,0.0147,A0013
Activity_IR,BreathRate,3,30,0.0102,0.0198,A0013
HeartRate,BreathRate,3,30,0.0081,0.0195,A0013
BreathRate,BreathRate,3,30,0.0665,0.0003,A0013
BreathRate,BreathRate,4,40,0.0119,0.0,A0013
Humidity,BreathRate,4,40,0.0286,0.0242,A0013
Risk_bin,BreathRate,4,40,0.0003,0.0268,A0013
BreathRate,BreathRate,5,50,0.034,0.0009,A0013
CO2,BreathRate,5,50,0.0246,0.0211,A0013
TVOC,BreathRate,5,50,-0.0207,0.045,A0013
Risk_bin,BreathRate,5,50,-0.0293,0.0051,A0013
BreathRate,BreathRate,6,60,0.0195,0.0016,A0013
Risk_bin,BreathRate,6,60,-0.019,0.0217,A0013
Activity_IR,CO2,1,10,0.0712,0.0,A0013
CO2,CO2,1,10,0.0338,0.0001,A0013
TVOC,CO2,1,10,-0.0121,0.0,A0013
Risk_bin,CO2,1,10,-0.0317,0.0021,A0013
Activity_IR,CO2,2,20,-0.0124,0.0069,A0013
HeartRate,CO2,2,20,-0.0031,0.0176,A0013
Humidity,CO2,2,20,-0.0062,0.0,A0013
CO2,CO2,2,20,0.0114,0.028,A0013
TVOC,CO2,2,20,0.0492,0.0,A0013
Risk_bin,CO2,2,20,-0.0278,0.0148,A0013
HeartRate,CO2,3,30,0.0034,0.0025,A0013
StressIndex,CO2,3,30,0.0222,0.0049,A0013
Temperature,CO2,3,30,0.0203,0.0021,A0013
Humidity,CO2,3,30,-0.0346,0.0023,A0013
CO2,CO2,3,30,-0.0197,0.0353,A0013
TVOC,CO2,3,30,-0.0018,0.0069,A0013
HeartRate,CO2,4,40,-0.0056,0.0048,A0013
BreathRate,CO2,4,40,0.005,0.0362,A0013
Temperature,CO2,4,40,0.0108,0.0289,A0013
CO2,CO2,4,40,-0.0338,0.0007,A0013
TVOC,CO2,4,40,0.0059,0.0324,A0013
CO2,CO2,5,50,-0.0022,0.0007,A0013
BreathRate,CO2,6,60,0.0092,0.0007,A0013
CO2,CO2,6,60,-0.0228,0.0,A0013
TVOC,CO2,6,60,0.0275,0.0,A0013
Risk_bin,CO2,6,60,0.0211,0.0472,A0013
HeartRate,HeartRate,1,10,0.3319,0.0,A0013
BreathRate,HeartRate,1,10,0.0358,0.0175,A0013
StressIndex,HeartRate,1,10,-0.0391,0.0009,A0013
Temperature,HeartRate,1,10,0.0414,0.0046,A0013
Humidity,HeartRate,1,10,-0.0,0.0029,A0013
CO2,HeartRate,1,10,0.0194,0.0003,A0013
TVOC,HeartRate,1,10,0.0448,0.0002,A0013
Risk_bin,HeartRate,1,10,-0.0637,0.0021,A0013
Activity_IR,HeartRate,2,20,0.013,0.032,A0013
HeartRate,HeartRate,2,20,0.1335,0.0,A0013
BreathRate,HeartRate,2,20,0.0103,0.0131,A0013
StressIndex,HeartRate,2,20,-0.0441,0.0164,A0013
Temperature,HeartRate,2,20,-0.0153,0.0016,A0013
Humidity,HeartRate,2,20,0.0302,0.0046,A0013
CO2,HeartRate,2,20,0.0345,0.0,A0013
TVOC,HeartRate,2,20,-0.0121,0.0007,A0013
Activity_IR,HeartRate,3,30,0.0219,0.0002,A0013
HeartRate,HeartRate,3,30,0.0891,0.0,A0013
StressIndex,HeartRate,3,30,-0.0197,0.0336,A0013
Humidity,HeartRate,3,30,0.0011,0.022,A0013
CO2,HeartRate,3,30,0.0054,0.0393,A0013
TVOC,HeartRate,3,30,0.0045,0.0332,A0013
Risk_bin,HeartRate,3,30,-0.0195,0.0,A0013
HeartRate,HeartRate,4,40,0.0491,0.0013,A0013
BreathRate,HeartRate,4,40,0.024,0.02,A0013
StressIndex,HeartRate,4,40,-0.0225,0.0232,A0013
Temperature,HeartRate,4,40,-0.0026,0.026,A0013
CO2,HeartRate,4,40,-0.0012,0.0485,A0013
Risk_bin,HeartRate,4,40,-0.0153,0.0,A0013
Activity_IR,HeartRate,5,50,-0.0313,0.0267,A0013
BreathRate,HeartRate,5,50,-0.0133,0.0292,A0013
Temperature,HeartRate,5,50,-0.0098,0.0055,A0013
Humidity,HeartRate,5,50,0.0206,0.0008,A0013
Risk_bin,HeartRate,5,50,0.0002,0.0041,A0013
HeartRate,HeartRate,6,60,0.0545,0.0134,A0013
BreathRate,HeartRate,6,60,0.0363,0.0196,A0013
Humidity,HeartRate,6,60,-0.0041,0.0046,A0013
Risk_bin,HeartRate,6,60,-0.0242,0.0355,A0013
Activity_IR,Humidity,1,10,-0.0147,0.0075,A0013
HeartRate,Humidity,1,10,0.0171,0.002,A0013
StressIndex,Humidity,1,10,-0.021,0.0089,A0013
Temperature,Humidity,1,10,0.0099,0.0138,A0013
Humidity,Humidity,1,10,0.7621,0.0,A0013
CO2,Humidity,1,10,0.1296,0.0,A0013
TVOC,Humidity,1,10,0.0931,0.0,A0013
Risk_bin,Humidity,1,10,-0.0444,0.0056,A0013
Temperature,Humidity,2,20,-0.0178,0.0193,A0013
Humidity,Humidity,2,20,-0.1278,0.0,A0013
CO2,Humidity,2,20,0.014,0.006,A0013
TVOC,Humidity,2,20,0.0286,0.0005,A0013
BreathRate,Humidity,3,30,0.0246,0.0476,A0013
Temperature,Humidity,3,30,-0.0615,0.0001,A0013
Humidity,Humidity,3,30,-0.0066,0.0236,A0013
CO2,Humidity,3,30,0.005,0.0221,A0013
TVOC,Humidity,3,30,-0.0121,0.0423,A0013
Activity_IR,Humidity,4,40,-0.0182,0.038,A0013
BreathRate,Humidity,4,40,-0.0006,0.0047,A0013
StressIndex,Humidity,4,40,0.0265,0.0314,A0013
Temperature,Humidity,4,40,-0.028,0.0019,A0013
Humidity,Humidity,4,40,-0.0228,0.0,A0013
TVOC,Humidity,4,40,0.0207,0.0029,A0013
BreathRate,Humidity,5,50,-0.025,0.0465,A0013
StressIndex,Humidity,5,50,0.0207,0.0081,A0013
Temperature,Humidity,5,50,-0.0148,0.0,A0013
Humidity,Humidity,5,50,0.0117,0.0341,A0013
TVOC,Humidity,5,50,0.0277,0.0041,A0013
Risk_bin,Humidity,5,50,0.0295,0.0058,A0013
BreathRate,Humidity,6,60,-0.0013,0.029,A0013
StressIndex,Humidity,6,60,0.0124,0.0111,A0013
Temperature,Humidity,6,60,-0.0084,0.0076,A0013
Humidity,Humidity,6,60,0.015,0.0007,A0013
CO2,Humidity,6,60,-0.0065,0.0018,A0013
TVOC,Humidity,6,60,-0.0259,0.0005,A0013
Risk_bin,Humidity,6,60,-0.0148,0.0111,A0013
Activity_IR,Risk_bin,1,10,-0.04,0.0211,A0013
HeartRate,Risk_bin,1,10,-0.047,0.0034,A0013
BreathRate,Risk_bin,1,10,-0.011,0.0215,A0013
StressIndex,Risk_bin,1,10,-0.0074,0.0343,A0013
Temperature,Risk_bin,1,10,-0.0443,0.0007,A0013
Humidity,Risk_bin,1,10,-0.0184,0.0016,A0013
CO2,Risk_bin,1,10,0.0036,0.0004,A0013
TVOC,Risk_bin,1,10,-0.0521,0.0001,A0013
Risk_bin,Risk_bin,1,10,0.4394,0.0,A0013
BreathRate,Risk_bin,2,20,-0.0397,0.0061,A0013
CO2,Risk_bin,2,20,-0.019,0.0114,A0013
Risk_bin,Risk_bin,2,20,0.1272,0.0,A0013
Risk_bin,Risk_bin,3,30,0.087,0.0001,A0013
BreathRate,Risk_bin,4,40,-0.0202,0.0285,A0013
CO2,Risk_bin,4,40,-0.0156,0.0412,A0013
TVOC,Risk_bin,4,40,-0.0109,0.0445,A0013
Risk_bin,Risk_bin,4,40,0.0141,0.0184,A0013
StressIndex,Risk_bin,5,50,-0.0082,0.041,A0013
Risk_bin,Risk_bin,5,50,-0.0071,0.0491,A0013
BreathRate,Risk_bin,6,60,-0.026,0.0088,A0013
Temperature,Risk_bin,6,60,-0.0086,0.0273,A0013
CO2,Risk_bin,6,60,0.0265,0.002,A0013
TVOC,Risk_bin,6,60,0.0372,0.0,A0013
Risk_bin,Risk_bin,6,60,-0.0036,0.0277,A0013
Activity_IR,StressIndex,1,10,-0.0093,0.036,A0013
HeartRate,StressIndex,1,10,-0.0377,0.0082,A0013
BreathRate,StressIndex,1,10,-0.0225,0.0152,A0013
StressIndex,StressIndex,1,10,0.1646,0.0,A0013
Temperature,StressIndex,1,10,0.022,0.0467,A0013
Humidity,StressIndex,1,10,0.0222,0.0114,A0013
TVOC,StressIndex,1,10,0.0028,0.0035,A0013
Risk_bin,StressIndex,1,10,-0.0202,0.0409,A0013
HeartRate,StressIndex,2,20,-0.036,0.0072,A0013
StressIndex,StressIndex,2,20,0.103,0.0,A0013
Temperature,StressIndex,2,20,-0.0147,0.0195,A0013
HeartRate,StressIndex,3,30,-0.0278,0.0312,A0013
StressIndex,StressIndex,3,30,0.1171,0.0,A0013
CO2,StressIndex,3,30,-0.0232,0.0167,A0013
Risk_bin,StressIndex,3,30,-0.0015,0.0275,A0013
StressIndex,StressIndex,4,40,0.046,0.0018,A0013
Humidity,StressIndex,4,40,0.0024,0.0132,A0013
Temperature,StressIndex,5,50,0.0125,0.0467,A0013
Humidity,StressIndex,5,50,-0.0276,0.0091,A0013
HeartRate,StressIndex,6,60,-0.0176,0.0059,A0013
Temperature,StressIndex,6,60,0.0116,0.0183,A0013
Activity_IR,TVOC,1,10,0.0491,0.0003,A0013
StressIndex,TVOC,1,10,-0.0296,0.0351,A0013
Temperature,TVOC,1,10,0.0211,0.0095,A0013
CO2,TVOC,1,10,0.0186,0.0084,A0013
TVOC,TVOC,1,10,0.0,0.0002,A0013
Risk_bin,TVOC,1,10,-0.0224,0.0195,A0013
Activity_IR,TVOC,2,20,-0.0065,0.0099,A0013
HeartRate,TVOC,2,20,0.0068,0.0154,A0013
BreathRate,TVOC,2,20,0.0098,0.0218,A0013
StressIndex,TVOC,2,20,0.0018,0.0425,A0013
Humidity,TVOC,2,20,-0.0095,0.0,A0013
TVOC,TVOC,2,20,0.0359,0.0,A0013
BreathRate,TVOC,3,30,-0.0251,0.0286,A0013
StressIndex,TVOC,3,30,0.0135,0.0096,A0013
Temperature,TVOC,3,30,0.0076,0.0078,A0013
Humidity,TVOC,3,30,-0.0396,0.0,A0013
TVOC,TVOC,3,30,-0.0005,0.0428,A0013
HeartRate,TVOC,4,40,0.0018,0.0263,A0013
BreathRate,TVOC,4,40,-0.0161,0.0408,A0013
Temperature,TVOC,4,40,0.0142,0.0337,A0013
Humidity,TVOC,4,40,0.0068,0.0097,A0013
CO2,TVOC,4,40,-0.0327,0.0008,A0013
TVOC,TVOC,4,40,0.012,0.0186,A0013
Activity_IR,TVOC,5,50,0.0026,0.0124,A0013
StressIndex,TVOC,5,50,0.0008,0.0333,A0013
CO2,TVOC,5,50,-0.004,0.0083,A0013
TVOC,TVOC,5,50,-0.0059,0.009,A0013
Activity_IR,TVOC,6,60,0.0028,0.0138,A0013
BreathRate,TVOC,6,60,0.0092,0.0006,A0013
CO2,TVOC,6,60,-0.0114,0.0,A0013
TVOC,TVOC,6,60,0.0127,0.0,A0013
Activity_IR,Temperature,1,10,0.1107,0.0,A0013
HeartRate,Temperature,1,10,0.0004,0.0126,A0013
Temperature,Temperature,1,10,0.8272,0.0,A0013
Humidity,Temperature,1,10,0.1917,0.0,A0013
CO2,Temperature,1,10,0.1463,0.0,A0013
TVOC,Temperature,1,10,-0.0333,0.0,A0013
Risk_bin,Temperature,1,10,-0.0688,0.0012,A0013
Activity_IR,Temperature,2,20,-0.0481,0.0001,A0013
HeartRate,Temperature,2,20,-0.0183,0.0387,A0013
BreathRate,Temperature,2,20,0.0087,0.0268,A0013
Temperature,Temperature,2,20,-0.2716,0.0,A0013
Humidity,Temperature,2,20,-0.083,0.0,A0013
CO2,Temperature,2,20,-0.002,0.0195,A0013
TVOC,Temperature,2,20,0.04,0.0012,A0013
Risk_bin,Temperature,2,20,-0.0169,0.0081,A0013
HeartRate,Temperature,3,30,-0.0204,0.0205,A0013
BreathRate,Temperature,3,30,0.0184,0.0146,A0013
StressIndex,Temperature,3,30,0.0268,0.0117,A0013
Humidity,Temperature,3,30,-0.063,0.0006,A0013
CO2,Temperature,3,30,-0.0171,0.0145,A0013
TVOC,Temperature,3,30,-0.0182,0.0111,A0013
HeartRate,Temperature,4,40,-0.0039,0.0046,A0013
BreathRate,Temperature,4,40,0.0056,0.0282,A0013
StressIndex,Temperature,4,40,0.0401,0.01,A0013
Temperature,Temperature,4,40,-0.0009,0.0044,A0013
Humidity,Temperature,4,40,-0.0378,0.0071,A0013
TVOC,Temperature,4,40,-0.0361,0.0008,A0013
Activity_IR,Temperature,5,50,-0.0333,0.003,A0013
BreathRate,Temperature,5,50,0.0168,0.0241,A0013
StressIndex,Temperature,5,50,0.0342,0.0018,A0013
Temperature,Temperature,5,50,0.0418,0.0498,A0013
Humidity,Temperature,5,50,-0.0074,0.0103,A0013
HeartRate,Temperature,6,60,0.005,0.0077,A0013
BreathRate,Temperature,6,60,0.0019,0.0398,A0013
StressIndex,Temperature,6,60,0.0175,0.0421,A0013
CO2,Temperature,6,60,-0.0188,0.0479,A0013
Activity_IR,Activity_IR,1,10,0.1723,0.0,A0014
StressIndex,Activity_IR,1,10,0.0312,0.0213,A0014
Temperature,Activity_IR,1,10,0.0568,0.0391,A0014
Risk_bin,Activity_IR,1,10,-0.0239,0.0103,A0014
Risk_bin,Activity_IR,2,20,-0.0452,0.0291,A0014
BreathRate,Activity_IR,3,30,0.0085,0.0017,A0014
Risk_bin,Activity_IR,3,30,0.0289,0.0223,A0014
HeartRate,Activity_IR,4,40,0.0002,0.019,A0014
BreathRate,Activity_IR,4,40,0.038,0.0409,A0014
Temperature,Activity_IR,4,40,0.0374,0.0092,A0014
Risk_bin,Activity_IR,4,40,-0.0663,0.0075,A0014
BreathRate,Activity_IR,5,50,-0.0214,0.0273,A0014
CO2,Activity_IR,5,50,-0.0266,0.0097,A0014
TVOC,Activity_IR,5,50,0.055,0.0178,A0014
Humidity,Activity_IR,6,60,-0.0242,0.0225,A0014
Risk_bin,Activity_IR,6,60,-0.008,0.0198,A0014
Activity_IR,BreathRate,1,10,0.0729,0.0002,A0014
HeartRate,BreathRate,1,10,0.0719,0.0077,A0014
BreathRate,BreathRate,1,10,0.4704,0.0,A0014
CO2,BreathRate,1,10,0.0162,0.0462,A0014
TVOC,BreathRate,1,10,-0.0113,0.0408,A0014
Activity_IR,BreathRate,2,20,0.0492,0.0184,A0014
BreathRate,BreathRate,2,20,0.0404,0.0114,A0014
Temperature,BreathRate,2,20,0.0443,0.0446,A0014
BreathRate,BreathRate,3,30,0.05,0.0082,A0014
StressIndex,BreathRate,3,30,-0.013,0.0039,A0014
Temperature,BreathRate,3,30,0.0164,0.0178,A0014
TVOC,BreathRate,3,30,0.0447,0.0075,A0014
Activity_IR,BreathRate,4,40,0.0267,0.0465,A0014
HeartRate,BreathRate,4,40,0.0363,0.0455,A0014
TVOC,BreathRate,4,40,0.0346,0.0182,A0014
Risk_bin,BreathRate,4,40,-0.0659,0.0002,A0014
BreathRate,BreathRate,5,50,-0.0281,0.004,A0014
Humidity,BreathRate,5,50,0.0388,0.0326,A0014
Risk_bin,BreathRate,5,50,0.0333,0.0442,A0014
BreathRate,BreathRate,6,60,0.0433,0.0078,A0014
HeartRate,CO2,1,10,-0.0041,0.0102,A0014
CO2,CO2,1,10,0.0452,0.004,A0014
TVOC,CO2,1,10,0.0075,0.0174,A0014
HeartRate,CO2,2,20,0.0116,0.0004,A0014
BreathRate,CO2,2,20,-0.0369,0.0104,A0014
CO2,CO2,2,20,0.0266,0.0171,A0014
TVOC,CO2,2,20,0.022,0.0165,A0014
HeartRate,CO2,3,30,0.0393,0.0,A0014
StressIndex,CO2,3,30,0.003,0.022,A0014
CO2,CO2,3,30,0.0662,0.0006,A0014
TVOC,CO2,3,30,0.0132,0.0004,A0014
Risk_bin,CO2,3,30,-0.0315,0.0166,A0014
HeartRate,CO2,4,40,0.0137,0.0042,A0014
CO2,CO2,4,40,-0.0086,0.0049,A0014
HeartRate,CO2,5,50,-0.0058,0.0115,A0014
BreathRate,CO2,5,50,0.0219,0.0301,A0014
StressIndex,CO2,5,50,-0.0402,0.0102,A0014
Temperature,CO2,5,50,0.0364,0.043,A0014
Humidity,CO2,5,50,-0.0048,0.0235,A0014
CO2,CO2,5,50,0.0263,0.0001,A0014
TVOC,CO2,5,50,0.0087,0.0146,A0014
Risk_bin,CO2,5,50,0.0062,0.0004,A0014
CO2,CO2,6,60,0.0237,0.0004,A0014
TVOC,CO2,6,60,0.0209,0.0003,A0014
Activity_IR,HeartRate,1,10,0.0758,0.0006,A0014
HeartRate,HeartRate,1,10,0.2454,0.0,A0014
BreathRate,HeartRate,1,10,0.1174,0.0,A0014
HeartRate,HeartRate,2,20,0.1004,0.0028,A0014
BreathRate,HeartRate,2,20,0.0226,0.004,A0014
StressIndex,HeartRate,2,20,-0.0327,0.0451,A0014
HeartRate,HeartRate,3,30,0.0611,0.0071,A0014
Humidity,HeartRate,3,30,0.0668,0.0467,A0014
Activity_IR,HeartRate,4,40,0.0209,0.0015,A0014
BreathRate,HeartRate,4,40,0.0583,0.0116,A0014
Humidity,HeartRate,4,40,-0.0235,0.0021,A0014
TVOC,HeartRate,4,40,0.0188,0.0486,A0014
Risk_bin,HeartRate,4,40,-0.025,0.005,A0014
Activity_IR,HeartRate,5,50,0.0081,0.0406,A0014
HeartRate,HeartRate,5,50,-0.0061,0.0254,A0014
Temperature,HeartRate,5,50,-0.0083,0.0417,A0014
CO2,HeartRate,5,50,0.0242,0.0474,A0014
TVOC,HeartRate,5,50,-0.0003,0.0431,A0014
Activity_IR,HeartRate,6,60,-0.0548,0.0158,A0014
StressIndex,HeartRate,6,60,-0.0515,0.0021,A0014
TVOC,HeartRate,6,60,0.0183,0.0414,A0014
Activity_IR,Humidity,1,10,-0.0393,0.0027,A0014
Temperature,Humidity,1,10,-0.1905,0.0,A0014
Humidity,Humidity,1,10,0.6187,0.0,A0014
TVOC,Humidity,1,10,0.0274,0.0376,A0014
Temperature,Humidity,2,20,-0.0656,0.0014,A0014
Humidity,Humidity,2,20,0.1018,0.0,A0014
Activity_IR,Humidity,3,30,0.0612,0.0193,A0014
TVOC,Humidity,3,30,-0.0232,0.0225,A0014
Risk_bin,Humidity,3,30,-0.0186,0.0165,A0014
Activity_IR,Humidity,5,50,0.0611,0.0017,A0014
HeartRate,Humidity,5,50,0.0003,0.0222,A0014
Temperature,Humidity,5,50,-0.0274,0.0132,A0014
Activity_IR,Humidity,6,60,0.0088,0.0143,A0014
Temperature,Humidity,6,60,0.0523,0.0357,A0014
Humidity,Humidity,6,60,-0.0415,0.017,A0014
Risk_bin,Humidity,6,60,-0.0261,0.0401,A0014
Activity_IR,Risk_bin,1,10,-0.1287,0.0,A0014
HeartRate,Risk_bin,1,10,0.0471,0.041,A0014
BreathRate,Risk_bin,1,10,-0.0514,0.023,A0014
Risk_bin,Risk_bin,1,10,0.5329,0.0,A0014
Risk_bin,Risk_bin,2,20,0.1703,0.0,A0014
BreathRate,Risk_bin,3,30,-0.0195,0.0022,A0014
Humidity,Risk_bin,3,30,-0.0199,0.0138,A0014
Risk_bin,Risk_bin,3,30,0.0369,0.0103,A0014
BreathRate,Risk_bin,4,40,0.0092,0.0472,A0014
TVOC,Risk_bin,4,40,-0.037,0.0185,A0014
Risk_bin,Risk_bin,4,40,0.0218,0.0019,A0014
BreathRate,Risk_bin,5,50,0.0328,0.0418,A0014
Humidity,Risk_bin,6,60,0.0394,0.0018,A0014
CO2,Risk_bin,6,60,0.0169,0.0215,A0014
TVOC,Risk_bin,6,60,0.0124,0.0223,A0014
Activity_IR,StressIndex,1,10,0.0065,0.0252,A0014
HeartRate,StressIndex,1,10,-0.0347,0.0259,A0014
BreathRate,StressIndex,1,10,-0.0407,0.044,A0014
StressIndex,StressIndex,1,10,0.1887,0.0,A0014
CO2,StressIndex,1,10,-0.0069,0.0489,A0014
StressIndex,StressIndex,2,20,0.128,0.0,A0014
StressIndex,StressIndex,3,30,0.0601,0.0025,A0014
Humidity,StressIndex,3,30,-0.0524,0.0016,A0014
CO2,StressIndex,3,30,-0.0033,0.036,A0014
BreathRate,StressIndex,4,40,-0.0527,0.0337,A0014
StressIndex,StressIndex,4,40,0.0369,0.0014,A0014
CO2,StressIndex,4,40,-0.0475,0.0434,A0014
TVOC,StressIndex,4,40,0.0224,0.0493,A0014
StressIndex,StressIndex,5,50,0.0534,0.0279,A0014
Risk_bin,StressIndex,5,50,-0.0121,0.0377,A0014
HeartRate,StressIndex,6,60,-0.0238,0.0314,A0014
BreathRate,StressIndex,6,60,-0.0454,0.006,A0014
StressIndex,StressIndex,6,60,0.0438,0.0101,A0014
CO2,StressIndex,6,60,-0.0139,0.0191,A0014
TVOC,StressIndex,6,60,-0.015,0.045,A0014
Risk_bin,StressIndex,6,60,-0.0213,0.0161,A0014
HeartRate,TVOC,1,10,-0.0099,0.0022,A0014
CO2,TVOC,1,10,0.0303,0.0018,A0014
TVOC,TVOC,1,10,0.0059,0.0044,A0014
HeartRate,TVOC,2,20,0.0171,0.0,A0014
StressIndex,TVOC,2,20,-0.0303,0.0407,A0014
CO2,TVOC,2,20,0.0261,0.0259,A0014
TVOC,TVOC,2,20,0.0216,0.0255,A0014
HeartRate,TVOC,3,30,0.0343,0.0,A0014
BreathRate,TVOC,3,30,-0.0235,0.0102,A0014
StressIndex,TVOC,3,30,0.0025,0.0248,A0014
CO2,TVOC,3,30,0.0708,0.001,A0014
TVOC,TVOC,3,30,0.0348,0.0007,A0014
Risk_bin,TVOC,3,30,-0.0263,0.043,A0014
HeartRate,TVOC,4,40,0.0087,0.0023,A0014
CO2,TVOC,4,40,-0.0111,0.0195,A0014
HeartRate,TVOC,5,50,-0.0137,0.0087,A0014
BreathRate,TVOC,5,50,0.0154,0.0256,A0014
StressIndex,TVOC,5,50,-0.0382,0.0158,A0014
Temperature,TVOC,5,50,0.0315,0.0442,A0014
Humidity,TVOC,5,50,-0.0042,0.0421,A0014
CO2,TVOC,5,50,0.025,0.0005,A0014
TVOC,TVOC,5,50,0.0045,0.0215,A0014
Risk_bin,TVOC,5,50,0.0137,0.0011,A0014
CO2,TVOC,6,60,0.0241,0.0002,A0014
TVOC,TVOC,6,60,0.0244,0.0002,A0014
Activity_IR,Temperature,1,10,0.1316,0.0,A0014
Temperature,Temperature,1,10,0.7915,0.0,A0014
Humidity,Temperature,1,10,-0.0699,0.0096,A0014
CO2,Temperature,1,10,0.0228,0.0235,A0014
TVOC,Temperature,1,10,0.0287,0.0033,A0014
Risk_bin,Temperature,1,10,-0.0494,0.0231,A0014
Activity_IR,Temperature,2,20,-0.0586,0.0266,A0014
StressIndex,Temperature,2,20,-0.0205,0.0166,A0014
Temperature,Temperature,2,20,-0.1128,0.0,A0014
TVOC,Temperature,2,20,0.0102,0.0013,A0014
Risk_bin,Temperature,2,20,0.0097,0.0252,A0014
Temperature,Temperature,3,30,-0.1283,0.0002,A0014
StressIndex,Temperature,4,40,-0.0104,0.0236,A0014
Temperature,Temperature,4,40,0.0398,0.0436,A0014
Activity_IR,Temperature,5,50,0.0359,0.0013,A0014
Temperature,Temperature,5,50,0.0645,0.0006,A0014
HeartRate,Temperature,6,60,-0.0194,0.0295,A0014
StressIndex,Temperature,6,60,-0.0278,0.036,A0014
TVOC,Temperature,6,60,0.0167,0.0274,A0014
Activity_IR,Activity_IR,1,10,0.3318,0.0,A0015
HeartRate,Activity_IR,1,10,0.0309,0.0409,A0015
StressIndex,Activity_IR,1,10,0.0181,0.0149,A0015
Temperature,Activity_IR,1,10,0.031,0.0014,A0015
Humidity,Activity_IR,1,10,-0.0295,0.0097,A0015
CO2,Activity_IR,1,10,-0.0214,0.0068,A0015
TVOC,Activity_IR,1,10,-0.0057,0.0047,A0015
Activity_IR,Activity_IR,2,20,0.0926,0.0004,A0015
HeartRate,Activity_IR,2,20,-0.0029,0.0214,A0015
StressIndex,Activity_IR,2,20,0.0221,0.0063,A0015
Temperature,Activity_IR,2,20,-0.0058,0.0031,A0015
Humidity,Activity_IR,2,20,0.0481,0.0,A0015
CO2,Activity_IR,2,20,-0.0224,0.0139,A0015
TVOC,Activity_IR,2,20,-0.0083,0.02,A0015
Activity_IR,Activity_IR,3,30,0.0008,0.0004,A0015
StressIndex,Activity_IR,3,30,0.0322,0.0092,A0015
Temperature,Activity_IR,3,30,0.0328,0.0415,A0015
Humidity,Activity_IR,3,30,0.0323,0.0012,A0015
CO2,Activity_IR,3,30,-0.0028,0.0006,A0015
TVOC,Activity_IR,3,30,-0.0039,0.001,A0015
Activity_IR,Activity_IR,4,40,-0.0307,0.0001,A0015
StressIndex,Activity_IR,4,40,0.043,0.0098,A0015
Humidity,Activity_IR,4,40,0.0218,0.0061,A0015
CO2,Activity_IR,4,40,0.044,0.0,A0015
TVOC,Activity_IR,4,40,-0.0095,0.0,A0015
Activity_IR,Activity_IR,5,50,0.0131,0.0145,A0015
StressIndex,Activity_IR,5,50,0.0117,0.0142,A0015
Temperature,Activity_IR,5,50,0.012,0.047,A0015
Humidity,Activity_IR,5,50,-0.0158,0.0473,A0015
CO2,Activity_IR,5,50,0.0255,0.0036,A0015
TVOC,Activity_IR,5,50,-0.0022,0.0065,A0015
Activity_IR,Activity_IR,6,60,-0.0075,0.0289,A0015
StressIndex,Activity_IR,6,60,0.0523,0.0041,A0015
Temperature,Activity_IR,6,60,-0.0138,0.0202,A0015
Humidity,Activity_IR,6,60,-0.0143,0.0113,A0015
CO2,Activity_IR,6,60,-0.0071,0.0412,A0015
HeartRate,BreathRate,1,10,0.0469,0.0,A0015
BreathRate,BreathRate,1,10,0.3787,0.0,A0015
Temperature,BreathRate,1,10,0.0043,0.0337,A0015
CO2,BreathRate,1,10,-0.0146,0.0153,A0015
TVOC,BreathRate,1,10,0.0505,0.0067,A0015
HeartRate,BreathRate,2,20,-0.0053,0.0001,A0015
BreathRate,BreathRate,2,20,0.0425,0.0025,A0015
Temperature,BreathRate,2,20,-0.0061,0.0123,A0015
Risk_bin,BreathRate,2,20,-0.0182,0.0012,A0015
HeartRate,BreathRate,3,30,-0.0096,0.0021,A0015
BreathRate,BreathRate,3,30,0.0531,0.0001,A0015
Humidity,BreathRate,3,30,-0.0223,0.0168,A0015
CO2,BreathRate,3,30,0.0032,0.0191,A0015
TVOC,BreathRate,3,30,0.0109,0.0202,A0015
Risk_bin,BreathRate,3,30,-0.015,0.0406,A0015
Activity_IR,BreathRate,4,40,0.0199,0.0178,A0015
HeartRate,BreathRate,4,40,0.0046,0.0012,A0015
BreathRate,BreathRate,4,40,0.0182,0.0216,A0015
StressIndex,BreathRate,4,40,0.0228,0.0156,A0015
Temperature,BreathRate,4,40,0.0139,0.0448,A0015
HeartRate,BreathRate,5,50,0.0061,0.0044,A0015
BreathRate,BreathRate,5,50,0.0078,0.0325,A0015
Temperature,BreathRate,5,50,-0.0158,0.0041,A0015
Humidity,BreathRate,5,50,-0.0042,0.0171,A0015
CO2,BreathRate,5,50,0.016,0.0332,A0015
Risk_bin,BreathRate,5,50,-0.0167,0.0267,A0015
HeartRate,BreathRate,6,60,0.0048,0.0001,A0015
BreathRate,BreathRate,6,60,0.0009,0.024,A0015
Temperature,BreathRate,6,60,0.016,0.0005,A0015
Humidity,BreathRate,6,60,0.0191,0.0178,A0015
Activity_IR,CO2,1,10,0.0489,0.0026,A0015
HeartRate,CO2,1,10,0.0425,0.0001,A0015
BreathRate,CO2,1,10,0.0099,0.01,A0015
StressIndex,CO2,1,10,0.0236,0.0083,A0015
Temperature,CO2,1,10,0.0525,0.0086,A0015
Humidity,CO2,1,10,-0.0447,0.0114,A0015
CO2,CO2,1,10,0.0819,0.0,A0015
TVOC,CO2,1,10,-0.0454,0.0001,A0015
Activity_IR,CO2,2,20,0.0204,0.0,A0015
BreathRate,CO2,2,20,-0.0021,0.0443,A0015
Temperature,CO2,2,20,-0.0181,0.0276,A0015
CO2,CO2,2,20,-0.0124,0.0174,A0015
TVOC,CO2,2,20,-0.0149,0.0127,A0015
Activity_IR,CO2,3,30,-0.0112,0.0132,A0015
HeartRate,CO2,3,30,0.0054,0.0026,A0015
BreathRate,CO2,3,30,-0.0015,0.0149,A0015
Temperature,CO2,3,30,0.009,0.0165,A0015
Humidity,CO2,3,30,-0.0174,0.0237,A0015
CO2,CO2,3,30,-0.0159,0.0095,A0015
TVOC,CO2,3,30,-0.0126,0.0082,A0015
Activity_IR,CO2,4,40,0.0171,0.0011,A0015
HeartRate,CO2,4,40,0.036,0.0379,A0015
BreathRate,CO2,4,40,-0.0111,0.0038,A0015
StressIndex,CO2,4,40,0.0338,0.01,A0015
Humidity,CO2,4,40,-0.0202,0.0247,A0015
CO2,CO2,4,40,-0.0132,0.0,A0015
TVOC,CO2,4,40,0.0243,0.0,A0015
Risk_bin,CO2,4,40,-0.0424,0.0019,A0015
Activity_IR,CO2,5,50,0.01,0.0063,A0015
HeartRate,CO2,5,50,0.0321,0.0,A0015
StressIndex,CO2,5,50,0.032,0.0186,A0015
Temperature,CO2,5,50,0.0025,0.0009,A0015
Humidity,CO2,5,50,-0.01,0.0003,A0015
CO2,CO2,5,50,-0.0205,0.0,A0015
TVOC,CO2,5,50,-0.0549,0.0,A0015
Risk_bin,CO2,5,50,-0.0592,0.0052,A0015
Activity_IR,CO2,6,60,-0.0335,0.0096,A0015
HeartRate,CO2,6,60,0.0224,0.0409,A0015
BreathRate,CO2,6,60,0.0016,0.0034,A0015
StressIndex,CO2,6,60,-0.0137,0.0016,A0015
Humidity,CO2,6,60,0.0128,0.0448,A0015
CO2,CO2,6,60,-0.0066,0.0367,A0015
Risk_bin,CO2,6,60,-0.039,0.002,A0015
Activity_IR,HeartRate,1,10,0.0076,0.0014,A0015
HeartRate,HeartRate,1,10,0.4295,0.0,A0015
BreathRate,HeartRate,1,10,0.0285,0.0064,A0015
StressIndex,HeartRate,1,10,0.0039,0.0075,A0015
Temperature,HeartRate,1,10,0.0287,0.014,A0015
CO2,HeartRate,1,10,-0.0023,0.0016,A0015
TVOC,HeartRate,1,10,0.0455,0.0005,A0015
Risk_bin,HeartRate,1,10,-0.0248,0.0122,A0015
Activity_IR,HeartRate,2,20,0.0077,0.0332,A0015
HeartRate,HeartRate,2,20,0.1415,0.0,A0015
BreathRate,HeartRate,2,20,0.0083,0.0109,A0015
Temperature,HeartRate,2,20,0.0374,0.0022,A0015
Humidity,HeartRate,2,20,0.028,0.0079,A0015
Risk_bin,HeartRate,2,20,-0.0152,0.0279,A0015
Activity_IR,HeartRate,3,30,0.0093,0.0022,A0015
HeartRate,HeartRate,3,30,0.0414,0.0007,A0015
BreathRate,HeartRate,3,30,-0.0069,0.0017,A0015
HeartRate,HeartRate,4,40,0.0301,0.0,A0015
BreathRate,HeartRate,4,40,-0.0119,0.0214,A0015
StressIndex,HeartRate,4,40,0.026,0.0191,A0015
Humidity,HeartRate,4,40,0.0056,0.0026,A0015
CO2,HeartRate,4,40,0.005,0.0072,A0015
TVOC,HeartRate,4,40,0.0057,0.0177,A0015
Activity_IR,HeartRate,5,50,-0.0234,0.025,A0015
HeartRate,HeartRate,5,50,-0.0065,0.0484,A0015
BreathRate,HeartRate,5,50,0.0228,0.0054,A0015
Temperature,HeartRate,5,50,0.0086,0.0071,A0015
CO2,HeartRate,5,50,-0.0117,0.0155,A0015
TVOC,HeartRate,5,50,-0.0033,0.0174,A0015
Risk_bin,HeartRate,5,50,0.0015,0.0058,A0015
Activity_IR,HeartRate,6,60,-0.027,0.0409,A0015
HeartRate,HeartRate,6,60,0.0367,0.0077,A0015
BreathRate,HeartRate,6,60,-0.0222,0.0008,A0015
Temperature,HeartRate,6,60,-0.0198,0.0021,A0015
CO2,HeartRate,6,60,-0.0387,0.0352,A0015
TVOC,HeartRate,6,60,-0.0007,0.0127,A0015
Activity_IR,Humidity,1,10,-0.0657,0.004,A0015
HeartRate,Humidity,1,10,-0.0058,0.0338,A0015
StressIndex,Humidity,1,10,-0.0156,0.0165,A0015
Temperature,Humidity,1,10,-0.0158,0.0266,A0015
Humidity,Humidity,1,10,0.7065,0.0,A0015
CO2,Humidity,1,10,0.2732,0.0,A0015
TVOC,Humidity,1,10,0.1533,0.0,A0015
Activity_IR,Humidity,2,20,-0.0058,0.0,A0015
HeartRate,Humidity,2,20,0.0164,0.021,A0015
Temperature,Humidity,2,20,-0.0248,0.0245,A0015
Humidity,Humidity,2,20,-0.0673,0.006,A0015
CO2,Humidity,2,20,0.0774,0.0,A0015
TVOC,Humidity,2,20,0.1091,0.0,A0015
Risk_bin,Humidity,2,20,0.005,0.0499,A0015
Activity_IR,Humidity,3,30,0.0421,0.0132,A0015
HeartRate,Humidity,3,30,0.0089,0.0212,A0015
Humidity,Humidity,3,30,-0.0056,0.0046,A0015
CO2,Humidity,3,30,0.0036,0.0015,A0015
TVOC,Humidity,3,30,0.0242,0.0058,A0015
Risk_bin,Humidity,3,30,0.0096,0.0387,A0015
Activity_IR,Humidity,4,40,0.0072,0.0492,A0015
HeartRate,Humidity,4,40,-0.0046,0.0217,A0015
BreathRate,Humidity,4,40,-0.0009,0.0394,A0015
StressIndex,Humidity,4,40,0.01,0.0103,A0015
Temperature,Humidity,4,40,-0.0122,0.0065,A0015
Humidity,Humidity,4,40,0.0242,0.0,A0015
CO2,Humidity,4,40,-0.0267,0.0001,A0015
TVOC,Humidity,4,40,-0.0343,0.0,A0015
Risk_bin,Humidity,4,40,-0.0192,0.0047,A0015
HeartRate,Humidity,5,50,0.0085,0.0485,A0015
StressIndex,Humidity,5,50,-0.0011,0.031,A0015
Humidity,Humidity,5,50,-0.0147,0.0116,A0015
CO2,Humidity,5,50,-0.0366,0.0156,A0015
TVOC,Humidity,5,50,-0.0336,0.0142,A0015
Risk_bin,Humidity,5,50,-0.0238,0.0103,A0015
Activity_IR,Humidity,6,60,0.0277,0.0025,A0015
StressIndex,Humidity,6,60,0.0199,0.0147,A0015
CO2,Humidity,6,60,-0.0106,0.0132,A0015
TVOC,Humidity,6,60,-0.0005,0.0155,A0015
Risk_bin,Humidity,6,60,-0.0709,0.0005,A0015
HeartRate,Risk_bin,1,10,-0.0205,0.0422,A0015
BreathRate,Risk_bin,1,10,-0.01,0.0041,A0015
StressIndex,Risk_bin,1,10,-0.041,0.0314,A0015
Temperature,Risk_bin,1,10,-0.0878,0.0,A0015
Humidity,Risk_bin,1,10,0.0221,0.0125,A0015
CO2,Risk_bin,1,10,-0.0244,0.0102,A0015
TVOC,Risk_bin,1,10,-0.0561,0.0029,A0015
Risk_bin,Risk_bin,1,10,0.4957,0.0,A0015
BreathRate,Risk_bin,2,20,-0.0233,0.0157,A0015
StressIndex,Risk_bin,2,20,-0.0283,0.029,A0015
Temperature,Risk_bin,2,20,-0.0447,0.0117,A0015
Risk_bin,Risk_bin,2,20,0.1568,0.0,A0015
HeartRate,Risk_bin,3,30,-0.0374,0.0048,A0015
BreathRate,Risk_bin,3,30,-0.0161,0.0249,A0015
StressIndex,Risk_bin,3,30,-0.0309,0.0316,A0015
Temperature,Risk_bin,3,30,-0.0485,0.0208,A0015
Humidity,Risk_bin,3,30,0.0221,0.0147,A0015
Risk_bin,Risk_bin,3,30,0.089,0.0,A0015
BreathRate,Risk_bin,4,40,0.0157,0.0289,A0015
Temperature,Risk_bin,4,40,-0.0161,0.0217,A0015
CO2,Risk_bin,4,40,-0.0153,0.0094,A0015
Risk_bin,Risk_bin,4,40,0.0233,0.001,A0015
HeartRate,Risk_bin,5,50,0.0001,0.0296,A0015
BreathRate,Risk_bin,5,50,0.0092,0.019,A0015
Risk_bin,Risk_bin,5,50,0.0055,0.0427,A0015
HeartRate,Risk_bin,6,60,0.0013,0.0052,A0015
BreathRate,Risk_bin,6,60,0.0067,0.0007,A0015
StressIndex,Risk_bin,6,60,-0.0302,0.0361,A0015
Humidity,Risk_bin,6,60,0.0325,0.0299,A0015
Risk_bin,Risk_bin,6,60,0.0069,0.0312,A0015
Activity_IR,StressIndex,1,10,0.0298,0.0018,A0015
HeartRate,StressIndex,1,10,-0.0535,0.0014,A0015
StressIndex,StressIndex,1,10,0.1677,0.0,A0015
Temperature,StressIndex,1,10,0.0301,0.0002,A0015
Humidity,StressIndex,1,10,-0.0122,0.0179,A0015
CO2,StressIndex,1,10,-0.0054,0.0014,A0015
TVOC,StressIndex,1,10,-0.0027,0.0018,A0015
Activity_IR,StressIndex,2,20,-0.0141,0.0011,A0015
HeartRate,StressIndex,2,20,-0.0117,0.0053,A0015
StressIndex,StressIndex,2,20,0.1016,0.0,A0015
Temperature,StressIndex,2,20,-0.0047,0.0028,A0015
TVOC,StressIndex,2,20,-0.0079,0.0417,A0015
Risk_bin,StressIndex,2,20,-0.0416,0.0405,A0015
Activity_IR,StressIndex,3,30,0.0261,0.0194,A0015
BreathRate,StressIndex,3,30,0.0149,0.0008,A0015
StressIndex,StressIndex,3,30,0.1031,0.0024,A0015
Temperature,StressIndex,3,30,0.0162,0.013,A0015
Humidity,StressIndex,3,30,-0.003,0.0273,A0015
CO2,StressIndex,3,30,0.0054,0.0233,A0015
TVOC,StressIndex,3,30,0.0081,0.0178,A0015
Activity_IR,StressIndex,4,40,-0.0218,0.0015,A0015
BreathRate,StressIndex,4,40,0.009,0.0097,A0015
StressIndex,StressIndex,4,40,0.0616,0.0016,A0015
Humidity,StressIndex,4,40,-0.0039,0.0156,A0015
CO2,StressIndex,4,40,0.0212,0.0444,A0015
TVOC,StressIndex,4,40,0.0117,0.0457,A0015
Activity_IR,StressIndex,5,50,0.0459,0.007,A0015
BreathRate,StressIndex,5,50,-0.0196,0.0201,A0015
StressIndex,StressIndex,5,50,0.0456,0.0003,A0015
Humidity,StressIndex,5,50,-0.0136,0.0033,A0015
CO2,StressIndex,5,50,0.012,0.0367,A0015
TVOC,StressIndex,5,50,0.0051,0.028,A0015
Activity_IR,StressIndex,6,60,-0.0298,0.0001,A0015
HeartRate,StressIndex,6,60,-0.0049,0.0143,A0015
BreathRate,StressIndex,6,60,0.0156,0.0043,A0015
StressIndex,StressIndex,6,60,0.0494,0.0063,A0015
Temperature,StressIndex,6,60,0.0112,0.0234,A0015
CO2,StressIndex,6,60,-0.0045,0.0312,A0015
TVOC,StressIndex,6,60,-0.0055,0.0111,A0015
Activity_IR,TVOC,1,10,0.0463,0.002,A0015
HeartRate,TVOC,1,10,0.0302,0.0007,A0015
BreathRate,TVOC,1,10,0.0064,0.0057,A0015
StressIndex,TVOC,1,10,0.0253,0.0168,A0015
Temperature,TVOC,1,10,0.0491,0.0076,A0015
Humidity,TVOC,1,10,-0.0422,0.0097,A0015
CO2,TVOC,1,10,0.072,0.0002,A0015
TVOC,TVOC,1,10,-0.0321,0.0003,A0015
Activity_IR,TVOC,2,20,0.0159,0.0,A0015
BreathRate,TVOC,2,20,-0.0037,0.0479,A0015
Temperature,TVOC,2,20,-0.0173,0.0289,A0015
Humidity,TVOC,2,20,-0.0227,0.0104,A0015
CO2,TVOC,2,20,-0.0172,0.0131,A0015
TVOC,TVOC,2,20,-0.0177,0.0128,A0015
Risk_bin,TVOC,2,20,-0.0262,0.0386,A0015
Activity_IR,TVOC,3,30,-0.0068,0.0091,A0015
HeartRate,TVOC,3,30,0.0073,0.0029,A0015
BreathRate,TVOC,3,30,0.0034,0.0127,A0015
StressIndex,TVOC,3,30,-0.0102,0.0391,A0015
Temperature,TVOC,3,30,0.013,0.0051,A0015
Humidity,TVOC,3,30,-0.0239,0.0208,A0015
CO2,TVOC,3,30,-0.0218,0.0109,A0015
TVOC,TVOC,3,30,-0.0191,0.0095,A0015
Activity_IR,TVOC,4,40,0.018,0.0007,A0015
BreathRate,TVOC,4,40,-0.0126,0.007,A0015
StressIndex,TVOC,4,40,0.0322,0.0071,A0015
Humidity,TVOC,4,40,-0.0256,0.0166,A0015
CO2,TVOC,4,40,-0.0325,0.0,A0015
TVOC,TVOC,4,40,0.0229,0.0,A0015
Risk_bin,TVOC,4,40,-0.042,0.0011,A0015
Activity_IR,TVOC,5,50,0.0112,0.0027,A0015
HeartRate,TVOC,5,50,0.0339,0.0,A0015
StressIndex,TVOC,5,50,0.0369,0.0251,A0015
Temperature,TVOC,5,50,0.0004,0.0024,A0015
Humidity,TVOC,5,50,-0.0183,0.0002,A0015
CO2,TVOC,5,50,-0.022,0.0,A0015
TVOC,TVOC,5,50,-0.0562,0.0,A0015
Risk_bin,TVOC,5,50,-0.0563,0.0022,A0015
Activity_IR,TVOC,6,60,-0.033,0.008,A0015
BreathRate,TVOC,6,60,0.0004,0.0041,A0015
StressIndex,TVOC,6,60,-0.0091,0.0013,A0015
CO2,TVOC,6,60,-0.0079,0.0348,A0015
TVOC,TVOC,6,60,-0.012,0.0324,A0015
Risk_bin,TVOC,6,60,-0.036,0.0022,A0015
Activity_IR,Temperature,1,10,0.0196,0.0053,A0015
HeartRate,Temperature,1,10,0.0169,0.0209,A0015
BreathRate,Temperature,1,10,-0.0077,0.0129,A0015
Temperature,Temperature,1,10,0.7859,0.0,A0015
Humidity,Temperature,1,10,0.1034,0.0,A0015
CO2,Temperature,1,10,0.1264,0.0,A0015
TVOC,Temperature,1,10,0.1184,0.0,A0015
Risk_bin,Temperature,1,10,-0.0772,0.0043,A0015
Activity_IR,Temperature,2,20,-0.0287,0.0075,A0015
HeartRate,Temperature,2,20,0.0068,0.0278,A0015
BreathRate,Temperature,2,20,0.0024,0.0124,A0015
StressIndex,Temperature,2,20,0.0781,0.0008,A0015
Temperature,Temperature,2,20,-0.1635,0.0,A0015
Humidity,Temperature,2,20,-0.0295,0.0039,A0015
CO2,Temperature,2,20,0.0588,0.0044,A0015
TVOC,Temperature,2,20,0.0608,0.0028,A0015
Risk_bin,Temperature,2,20,-0.0174,0.0061,A0015
Activity_IR,Temperature,3,30,-0.0114,0.0167,A0015
BreathRate,Temperature,3,30,-0.0312,0.0046,A0015
StressIndex,Temperature,3,30,0.0327,0.0052,A0015
Temperature,Temperature,3,30,-0.0175,0.0381,A0015
Humidity,Temperature,3,30,-0.0467,0.0046,A0015
TVOC,Temperature,3,30,-0.0132,0.0074,A0015
HeartRate,Temperature,4,40,-0.0183,0.0007,A0015
Humidity,Temperature,4,40,-0.0364,0.0004,A0015
Risk_bin,Temperature,4,40,-0.0331,0.0193,A0015
Activity_IR,Temperature,5,50,0.0111,0.04,A0015
BreathRate,Temperature,5,50,-0.0178,0.0081,A0015
Temperature,Temperature,5,50,-0.0289,0.0079,A0015
Humidity,Temperature,5,50,-0.0217,0.0011,A0015
CO2,Temperature,5,50,-0.0367,0.0422,A0015
TVOC,Temperature,5,50,-0.0452,0.0164,A0015
Risk_bin,Temperature,5,50,-0.049,0.0074,A0015
HeartRate,Temperature,6,60,0.004,0.0173,A0015
BreathRate,Temperature,6,60,-0.0236,0.0365,A0015
StressIndex,Temperature,6,60,-0.0013,0.01,A0015
Temperature,Temperature,6,60,0.0165,0.0037,A0015
Humidity,Temperature,6,60,-0.0334,0.0336,A0015
CO2,Temperature,6,60,-0.0237,0.005,A0015
TVOC,Temperature,6,60,-0.0254,0.0036,A0015
Risk_bin,Temperature,6,60,-0.0255,0.0263,A0015
Activity_IR,Activity_IR,1,10,0.4396,0.0,A0016
HeartRate,Activity_IR,1,10,0.0696,0.0013,A0016
StressIndex,Activity_IR,1,10,0.0353,0.0066,A0016
Temperature,Activity_IR,1,10,-0.0558,0.0,A0016
Humidity,Activity_IR,1,10,-0.0505,0.0009,A0016
CO2,Activity_IR,1,10,0.0467,0.02,A0016
TVOC,Activity_IR,1,10,0.0403,0.005,A0016
Risk_bin,Activity_IR,1,10,-0.0601,0.002,A0016
Activity_IR,Activity_IR,2,20,-0.0068,0.0,A0016
BreathRate,Activity_IR,2,20,-0.0003,0.039,A0016
Temperature,Activity_IR,2,20,-0.0315,0.0269,A0016
Humidity,Activity_IR,2,20,0.0055,0.038,A0016
CO2,Activity_IR,2,20,0.0072,0.0323,A0016
TVOC,Activity_IR,2,20,-0.0024,0.01,A0016
Risk_bin,Activity_IR,2,20,-0.0213,0.0179,A0016
Activity_IR,Activity_IR,3,30,0.072,0.0,A0016
Temperature,Activity_IR,3,30,-0.044,0.0037,A0016
CO2,Activity_IR,3,30,0.0284,0.0,A0016
TVOC,Activity_IR,3,30,0.0281,0.0,A0016
Risk_bin,Activity_IR,3,30,-0.0386,0.0452,A0016
Activity_IR,Activity_IR,4,40,0.0769,0.0,A0016
Temperature,Activity_IR,4,40,0.003,0.0388,A0016
CO2,Activity_IR,4,40,0.0083,0.0383,A0016
HeartRate,Activity_IR,5,50,0.0126,0.0124,A0016
CO2,Activity_IR,5,50,0.0357,0.0064,A0016
TVOC,Activity_IR,5,50,0.0216,0.0049,A0016
Risk_bin,Activity_IR,5,50,-0.0086,0.0312,A0016
Activity_IR,Activity_IR,6,60,-0.0382,0.0478,A0016
BreathRate,Activity_IR,6,60,-0.0092,0.0021,A0016
Temperature,Activity_IR,6,60,-0.0424,0.011,A0016
CO2,Activity_IR,6,60,-0.019,0.0,A0016
TVOC,Activity_IR,6,60,0.0239,0.0,A0016
Activity_IR,BreathRate,1,10,0.02,0.017,A0016
HeartRate,BreathRate,1,10,0.0599,0.0124,A0016
BreathRate,BreathRate,1,10,0.3516,0.0,A0016
StressIndex,BreathRate,1,10,-0.0253,0.0146,A0016
Risk_bin,BreathRate,1,10,-0.0586,0.0005,A0016
BreathRate,BreathRate,2,20,0.0682,0.0011,A0016
Humidity,BreathRate,2,20,0.0115,0.0137,A0016
BreathRate,BreathRate,3,30,0.0656,0.0,A0016
StressIndex,BreathRate,3,30,-0.0261,0.0393,A0016
Temperature,BreathRate,3,30,-0.0001,0.0099,A0016
CO2,BreathRate,3,30,-0.0032,0.0104,A0016
Risk_bin,BreathRate,3,30,-0.0156,0.0435,A0016
HeartRate,BreathRate,4,40,0.0205,0.0024,A0016
BreathRate,BreathRate,4,40,0.0635,0.0001,A0016
Risk_bin,BreathRate,4,40,-0.0248,0.0335,A0016
Activity_IR,BreathRate,5,50,0.0178,0.0212,A0016
HeartRate,BreathRate,5,50,-0.0259,0.0001,A0016
BreathRate,BreathRate,5,50,0.0121,0.0082,A0016
HeartRate,BreathRate,6,60,-0.0283,0.0134,A0016
BreathRate,BreathRate,6,60,0.0109,0.0026,A0016
StressIndex,BreathRate,6,60,-0.0029,0.0006,A0016
Temperature,BreathRate,6,60,-0.0125,0.0433,A0016
Activity_IR,CO2,1,10,0.0391,0.005,A0016
BreathRate,CO2,1,10,0.004,0.0418,A0016
Humidity,CO2,1,10,-0.0134,0.0375,A0016
Risk_bin,CO2,1,10,0.027,0.0,A0016
BreathRate,CO2,2,20,-0.0063,0.0076,A0016
StressIndex,CO2,2,20,0.0024,0.0417,A0016
Humidity,CO2,2,20,0.0045,0.037,A0016
Risk_bin,CO2,2,20,-0.0274,0.0036,A0016
HeartRate,CO2,3,30,-0.015,0.0498,A0016
CO2,CO2,3,30,-0.017,0.0427,A0016
TVOC,CO2,3,30,-0.0174,0.0424,A0016
StressIndex,CO2,4,40,0.0256,0.0122,A0016
Temperature,CO2,4,40,-0.0037,0.0288,A0016
CO2,CO2,4,40,0.0541,0.0004,A0016
TVOC,CO2,4,40,-0.0443,0.0031,A0016
StressIndex,CO2,5,50,-0.005,0.0156,A0016
Humidity,CO2,5,50,-0.0266,0.0125,A0016
Risk_bin,CO2,5,50,-0.0175,0.0053,A0016
BreathRate,CO2,6,60,-0.0195,0.0102,A0016
Humidity,CO2,6,60,0.0103,0.0426,A0016
CO2,CO2,6,60,-0.0007,0.0078,A0016
TVOC,CO2,6,60,0.0026,0.0124,A0016
Activity_IR,HeartRate,1,10,0.0682,0.0002,A0016
HeartRate,HeartRate,1,10,0.3566,0.0,A0016
BreathRate,HeartRate,1,10,0.0638,0.0005,A0016
Humidity,HeartRate,1,10,-0.0372,0.0296,A0016
Risk_bin,HeartRate,1,10,-0.0231,0.0455,A0016
Activity_IR,HeartRate,2,20,-0.0034,0.0469,A0016
HeartRate,HeartRate,2,20,0.1225,0.0,A0016
BreathRate,HeartRate,2,20,0.0362,0.0055,A0016
Risk_bin,HeartRate,2,20,-0.006,0.0003,A0016
HeartRate,HeartRate,3,30,0.0676,0.0009,A0016
StressIndex,HeartRate,3,30,0.0038,0.0478,A0016
HeartRate,HeartRate,4,40,0.0412,0.0209,A0016
BreathRate,HeartRate,4,40,0.031,0.0238,A0016
CO2,HeartRate,4,40,-0.0274,0.0023,A0016
TVOC,HeartRate,4,40,-0.0307,0.0012,A0016
HeartRate,HeartRate,5,50,-0.0173,0.0142,A0016
BreathRate,HeartRate,5,50,0.0353,0.0033,A0016
StressIndex,HeartRate,5,50,0.0072,0.036,A0016
Humidity,HeartRate,5,50,-0.0333,0.0277,A0016
TVOC,HeartRate,5,50,-0.0164,0.0488,A0016
Risk_bin,HeartRate,5,50,0.0019,0.0467,A0016
Activity_IR,HeartRate,6,60,-0.0104,0.028,A0016
BreathRate,HeartRate,6,60,0.0149,0.0145,A0016
Temperature,HeartRate,6,60,-0.0293,0.0008,A0016
Humidity,HeartRate,6,60,0.0023,0.0459,A0016
Activity_IR,Humidity,1,10,0.0083,0.0011,A0016
HeartRate,Humidity,1,10,-0.0377,0.0,A0016
Temperature,Humidity,1,10,-0.1166,0.0,A0016
Humidity,Humidity,1,10,0.7073,0.0,A0016
CO2,Humidity,1,10,0.0656,0.0001,A0016
TVOC,Humidity,1,10,0.0363,0.0002,A0016
Activity_IR,Humidity,2,20,-0.017,0.0185,A0016
HeartRate,Humidity,2,20,0.0183,0.0071,A0016
Temperature,Humidity,2,20,0.0167,0.0218,A0016
Humidity,Humidity,2,20,-0.037,0.0218,A0016
CO2,Humidity,2,20,0.0106,0.0484,A0016
Activity_IR,Humidity,3,30,-0.0699,0.0049,A0016
StressIndex,Humidity,3,30,-0.0073,0.0231,A0016
Temperature,Humidity,3,30,-0.0172,0.0173,A0016
Humidity,Humidity,3,30,-0.0146,0.0035,A0016
CO2,Humidity,3,30,-0.0124,0.0386,A0016
TVOC,Humidity,3,30,-0.0103,0.035,A0016
Activity_IR,Humidity,4,40,-0.0468,0.0002,A0016
BreathRate,Humidity,4,40,-0.0307,0.0086,A0016
Temperature,Humidity,4,40,-0.0115,0.0081,A0016
Humidity,Humidity,4,40,0.0225,0.0076,A0016
CO2,Humidity,4,40,0.0105,0.0443,A0016
BreathRate,Humidity,5,50,-0.0037,0.0019,A0016
Activity_IR,Humidity,6,60,-0.0363,0.0123,A0016
StressIndex,Humidity,6,60,-0.0151,0.044,A0016
Humidity,Humidity,6,60,0.0125,0.007,A0016
Activity_IR,Risk_bin,1,10,-0.049,0.037,A0016
HeartRate,Risk_bin,1,10,-0.0309,0.0327,A0016
BreathRate,Risk_bin,1,10,0.0178,0.0102,A0016
CO2,Risk_bin,1,10,-0.0363,0.0079,A0016
TVOC,Risk_bin,1,10,-0.0221,0.0069,A0016
Risk_bin,Risk_bin,1,10,0.2938,0.0,A0016
Activity_IR,Risk_bin,2,20,-0.0248,0.044,A0016
StressIndex,Risk_bin,2,20,-0.033,0.0021,A0016
Humidity,Risk_bin,2,20,-0.0361,0.0038,A0016
CO2,Risk_bin,2,20,-0.0011,0.0349,A0016
TVOC,Risk_bin,2,20,-0.0021,0.0353,A0016
Risk_bin,Risk_bin,2,20,0.0947,0.0,A0016
StressIndex,Risk_bin,3,30,-0.0555,0.0094,A0016
CO2,Risk_bin,3,30,-0.0361,0.002,A0016
Risk_bin,Risk_bin,3,30,0.0707,0.0077,A0016
HeartRate,Risk_bin,4,40,0.0126,0.0167,A0016
BreathRate,Risk_bin,4,40,-0.0024,0.0474,A0016
Risk_bin,Risk_bin,4,40,0.082,0.0,A0016
HeartRate,Risk_bin,5,50,-0.0117,0.0021,A0016
BreathRate,Risk_bin,5,50,-0.0257,0.0422,A0016
Temperature,Risk_bin,5,50,0.0143,0.0239,A0016
BreathRate,Risk_bin,6,60,0.0095,0.0062,A0016
StressIndex,Risk_bin,6,60,-0.0143,0.0083,A0016
CO2,Risk_bin,6,60,-0.0011,0.0344,A0016
Activity_IR,StressIndex,1,10,0.0011,0.0201,A0016
HeartRate,StressIndex,1,10,-0.0711,0.0006,A0016
StressIndex,StressIndex,1,10,0.1972,0.0,A0016
Temperature,StressIndex,1,10,-0.0257,0.0492,A0016
Humidity,StressIndex,1,10,0.0094,0.0453,A0016
CO2,StressIndex,1,10,0.0126,0.0481,A0016
Risk_bin,StressIndex,1,10,-0.039,0.0128,A0016
HeartRate,StressIndex,2,20,-0.0207,0.0023,A0016
StressIndex,StressIndex,2,20,0.1409,0.0,A0016
Temperature,StressIndex,2,20,-0.0315,0.0326,A0016
Humidity,StressIndex,2,20,0.0114,0.0496,A0016
Risk_bin,StressIndex,2,20,-0.0247,0.0073,A0016
Activity_IR,StressIndex,3,30,-0.0168,0.0004,A0016
HeartRate,StressIndex,3,30,-0.0371,0.0247,A0016
BreathRate,StressIndex,3,30,-0.0318,0.0287,A0016
StressIndex,StressIndex,3,30,0.0766,0.0001,A0016
Humidity,StressIndex,3,30,-0.0076,0.0206,A0016
Risk_bin,StressIndex,3,30,-0.0352,0.048,A0016
Activity_IR,StressIndex,4,40,-0.037,0.0164,A0016
StressIndex,StressIndex,4,40,0.0218,0.0306,A0016
Temperature,StressIndex,4,40,0.0121,0.0033,A0016
CO2,StressIndex,4,40,0.0201,0.0011,A0016
BreathRate,StressIndex,5,50,-0.0122,0.0483,A0016
StressIndex,StressIndex,5,50,0.0733,0.0007,A0016
Temperature,StressIndex,5,50,-0.0167,0.0012,A0016
Humidity,StressIndex,5,50,0.0371,0.0139,A0016
HeartRate,StressIndex,6,60,-0.0155,0.0368,A0016
Risk_bin,StressIndex,6,60,-0.0216,0.0386,A0016
Activity_IR,TVOC,1,10,0.0336,0.0053,A0016
Risk_bin,TVOC,1,10,0.0306,0.0,A0016
BreathRate,TVOC,2,20,-0.0023,0.007,A0016
StressIndex,TVOC,2,20,0.0005,0.0321,A0016
Risk_bin,TVOC,2,20,-0.0314,0.0031,A0016
HeartRate,TVOC,3,30,-0.0176,0.0215,A0016
StressIndex,TVOC,4,40,0.0222,0.0197,A0016
Temperature,TVOC,4,40,-0.0003,0.0455,A0016
Humidity,TVOC,4,40,-0.0289,0.0356,A0016
CO2,TVOC,4,40,0.0467,0.001,A0016
TVOC,TVOC,4,40,-0.0453,0.0048,A0016
BreathRate,TVOC,5,50,-0.0129,0.0476,A0016
StressIndex,TVOC,5,50,-0.0091,0.0228,A0016
Humidity,TVOC,5,50,-0.0323,0.0181,A0016
TVOC,TVOC,5,50,-0.0054,0.0411,A0016
Risk_bin,TVOC,5,50,-0.0202,0.0038,A0016
HeartRate,TVOC,6,60,0.0167,0.0484,A0016
BreathRate,TVOC,6,60,-0.0151,0.0096,A0016
Humidity,TVOC,6,60,-0.0074,0.0085,A0016
CO2,TVOC,6,60,-0.0064,0.0039,A0016
TVOC,TVOC,6,60,-0.004,0.0051,A0016
Activity_IR,Temperature,1,10,-0.0066,0.0124,A0016
BreathRate,Temperature,1,10,0.0076,0.0454,A0016
StressIndex,Temperature,1,10,-0.0273,0.044,A0016
Temperature,Temperature,1,10,0.8042,0.0,A0016
Humidity,Temperature,1,10,0.1121,0.0,A0016
TVOC,Temperature,1,10,0.0337,0.0406,A0016
Activity_IR,Temperature,2,20,-0.1304,0.0,A0016
Temperature,Temperature,2,20,-0.2012,0.0,A0016
Humidity,Temperature,2,20,-0.0299,0.0317,A0016
Activity_IR,Temperature,3,30,-0.0441,0.0027,A0016
BreathRate,Temperature,3,30,-0.0179,0.0487,A0016
StressIndex,Temperature,3,30,-0.0584,0.0149,A0016
Temperature,Temperature,3,30,-0.0238,0.0032,A0016
Humidity,Temperature,3,30,-0.014,0.0004,A0016
CO2,Temperature,3,30,-0.033,0.048,A0016
TVOC,Temperature,3,30,-0.0234,0.045,A0016
Risk_bin,Temperature,3,30,0.0397,0.0342,A0016
Activity_IR,Temperature,4,40,-0.0276,0.0052,A0016
HeartRate,Temperature,4,40,0.0036,0.0189,A0016
StressIndex,Temperature,4,40,-0.0434,0.0019,A0016
Humidity,Temperature,4,40,-0.0375,0.0071,A0016
CO2,Temperature,4,40,-0.0095,0.0463,A0016
TVOC,Temperature,4,40,-0.0094,0.0258,A0016
Risk_bin,Temperature,4,40,0.0196,0.0375,A0016
Activity_IR,Temperature,5,50,0.012,0.0002,A0016
StressIndex,Temperature,5,50,0.0032,0.0189,A0016
Humidity,Temperature,5,50,-0.0098,0.0154,A0016
Activity_IR,Temperature,6,60,0.0043,0.0045,A0016
Humidity,Temperature,6,60,-0.021,0.0009,A0016
Activity_IR,Activity_IR,1,10,0.1833,0.0001,A0017
HeartRate,Activity_IR,1,10,0.0903,0.0016,A0017
StressIndex,Activity_IR,1,10,0.0653,0.0415,A0017
Temperature,Activity_IR,1,10,-0.0146,0.005,A0017
CO2,Activity_IR,1,10,0.1757,0.0,A0017
Risk_bin,Activity_IR,1,10,-0.0795,0.0005,A0017
HeartRate,Activity_IR,2,20,-0.0468,0.0365,A0017
Humidity,Activity_IR,2,20,-0.0491,0.0227,A0017
StressIndex,Activity_IR,3,30,0.0772,0.0096,A0017
Humidity,Activity_IR,3,30,-0.014,0.0005,A0017
TVOC,Activity_IR,3,30,0.0149,0.0127,A0017
HeartRate,Activity_IR,4,40,-0.0279,0.0321,A0017
BreathRate,Activity_IR,4,40,-0.0909,0.0193,A0017
StressIndex,Activity_IR,4,40,0.0485,0.019,A0017
Humidity,Activity_IR,4,40,0.0744,0.0289,A0017
Activity_IR,Activity_IR,5,50,0.0742,0.0125,A0017
HeartRate,Activity_IR,5,50,-0.0537,0.0288,A0017
StressIndex,Activity_IR,5,50,0.0012,0.0455,A0017
CO2,Activity_IR,5,50,0.0931,0.0082,A0017
TVOC,Activity_IR,5,50,0.0155,0.0069,A0017
Activity_IR,BreathRate,1,10,0.0488,0.0384,A0017
BreathRate,BreathRate,1,10,0.5503,0.0,A0017
StressIndex,BreathRate,1,10,-0.0513,0.0253,A0017
CO2,BreathRate,1,10,-0.0043,0.0425,A0017
BreathRate,BreathRate,2,20,-0.0309,0.0004,A0017
CO2,BreathRate,2,20,-0.0949,0.0019,A0017
TVOC,BreathRate,2,20,-0.0985,0.0017,A0017
BreathRate,BreathRate,3,30,-0.0255,0.0282,A0017
Risk_bin,BreathRate,3,30,-0.0592,0.0001,A0017
BreathRate,BreathRate,4,40,-0.0463,0.0442,A0017
CO2,BreathRate,4,40,-0.0576,0.04,A0017
TVOC,BreathRate,4,40,-0.0644,0.0178,A0017
Activity_IR,BreathRate,5,50,0.0257,0.029,A0017
BreathRate,BreathRate,6,60,-0.0397,0.0217,A0017
Activity_IR,CO2,1,10,0.1794,0.0,A0017
HeartRate,CO2,1,10,0.0139,0.0471,A0017
StressIndex,CO2,1,10,-0.0025,0.0059,A0017
Humidity,CO2,1,10,-0.0739,0.0145,A0017
CO2,CO2,1,10,0.1397,0.0001,A0017
TVOC,CO2,1,10,0.1389,0.0,A0017
Activity_IR,CO2,2,20,0.066,0.0138,A0017
HeartRate,CO2,2,20,-0.033,0.0227,A0017
CO2,CO2,2,20,0.0164,0.0276,A0017
Humidity,CO2,3,30,-0.0008,0.0363,A0017
Risk_bin,CO2,3,30,-0.0446,0.0007,A0017
HeartRate,CO2,4,40,0.0393,0.0064,A0017
StressIndex,CO2,4,40,-0.0523,0.0347,A0017
Risk_bin,CO2,4,40,-0.0469,0.018,A0017
Activity_IR,CO2,5,50,0.0765,0.0215,A0017
Risk_bin,CO2,5,50,-0.1003,0.0004,A0017
Activity_IR,CO2,6,60,0.0917,0.0158,A0017
HeartRate,CO2,6,60,-0.0311,0.0248,A0017
HeartRate,HeartRate,1,10,0.2753,0.0,A0017
BreathRate,HeartRate,1,10,-0.0102,0.0222,A0017
Activity_IR,HeartRate,2,20,0.0795,0.0189,A0017
StressIndex,HeartRate,2,20,-0.0576,0.0084,A0017
CO2,HeartRate,2,20,-0.0336,0.0392,A0017
TVOC,HeartRate,2,20,0.0796,0.0099,A0017
Activity_IR,HeartRate,3,30,0.0008,0.0393,A0017
HeartRate,HeartRate,3,30,0.1182,0.0,A0017
BreathRate,HeartRate,3,30,-0.0037,0.0178,A0017
Temperature,HeartRate,3,30,-0.0772,0.0274,A0017
HeartRate,HeartRate,4,40,0.0594,0.002,A0017
BreathRate,HeartRate,4,40,-0.0076,0.0208,A0017
Temperature,HeartRate,4,40,0.1094,0.0277,A0017
CO2,HeartRate,4,40,-0.0413,0.0019,A0017
TVOC,HeartRate,4,40,-0.0485,0.0035,A0017
Activity_IR,HeartRate,5,50,-0.0295,0.0396,A0017
BreathRate,HeartRate,5,50,-0.0838,0.0127,A0017
Temperature,HeartRate,5,50,-0.0183,0.05,A0017
CO2,HeartRate,5,50,0.0577,0.032,A0017
TVOC,HeartRate,5,50,-0.0017,0.0363,A0017
Humidity,HeartRate,6,60,-0.0464,0.0497,A0017
Activity_IR,Humidity,1,10,-0.0762,0.0153,A0017
BreathRate,Humidity,1,10,0.0184,0.0093,A0017
Humidity,Humidity,1,10,0.7179,0.0,A0017
CO2,Humidity,1,10,0.1202,0.0066,A0017
TVOC,Humidity,1,10,0.1461,0.0,A0017
Humidity,Humidity,2,20,-0.2154,0.0001,A0017
CO2,Humidity,2,20,0.0588,0.0451,A0017
TVOC,Humidity,2,20,0.0628,0.0197,A0017
Activity_IR,Humidity,3,30,0.107,0.019,A0017
HeartRate,Humidity,3,30,0.0992,0.0,A0017
Humidity,Humidity,3,30,0.0956,0.0125,A0017
TVOC,Humidity,5,50,-0.0719,0.0415,A0017
Activity_IR,Humidity,6,60,-0.0408,0.0137,A0017
HeartRate,Humidity,6,60,-0.0511,0.0449,A0017
StressIndex,Humidity,6,60,-0.0869,0.0026,A0017
Humidity,Humidity,6,60,0.0944,0.0235,A0017
Activity_IR,Risk_bin,1,10,-0.0727,0.0469,A0017
Risk_bin,Risk_bin,1,10,0.6447,0.0,A0017
BreathRate,Risk_bin,3,30,-0.0378,0.0213,A0017
BreathRate,Risk_bin,4,40,0.0537,0.0288,A0017
Temperature,Risk_bin,4,40,0.0635,0.0113,A0017
Temperature,Risk_bin,5,50,-0.1268,0.0,A0017
HeartRate,Risk_bin,6,60,0.0434,0.0396,A0017
Temperature,Risk_bin,6,60,0.0454,0.0261,A0017
CO2,Risk_bin,6,60,0.0427,0.0251,A0017
TVOC,Risk_bin,6,60,0.0634,0.0408,A0017
Activity_IR,StressIndex,1,10,0.0367,0.0492,A0017
StressIndex,StressIndex,1,10,0.1696,0.0,A0017
Temperature,StressIndex,1,10,0.0156,0.0175,A0017
CO2,StressIndex,1,10,0.0277,0.0326,A0017
Activity_IR,StressIndex,2,20,0.0598,0.0224,A0017
BreathRate,StressIndex,2,20,0.0539,0.0245,A0017
BreathRate,StressIndex,3,30,-0.049,0.0469,A0017
BreathRate,StressIndex,4,40,0.0516,0.0204,A0017
CO2,StressIndex,4,40,-0.0739,0.0099,A0017
TVOC,StressIndex,4,40,-0.077,0.0099,A0017
Activity_IR,StressIndex,5,50,-0.0541,0.0294,A0017
Humidity,StressIndex,5,50,0.0496,0.0336,A0017
CO2,StressIndex,5,50,-0.0458,0.0152,A0017
TVOC,StressIndex,5,50,-0.0468,0.0266,A0017
BreathRate,StressIndex,6,60,-0.0432,0.0072,A0017
Activity_IR,TVOC,1,10,0.1659,0.0,A0017
HeartRate,TVOC,1,10,-0.0061,0.0492,A0017
StressIndex,TVOC,1,10,-0.0096,0.0158,A0017
Humidity,TVOC,1,10,-0.0967,0.0108,A0017
TVOC,TVOC,1,10,0.149,0.0,A0017
Activity_IR,TVOC,2,20,0.0513,0.0448,A0017
CO2,TVOC,2,20,-0.0168,0.0184,A0017
TVOC,TVOC,2,20,-0.0638,0.0489,A0017
Humidity,TVOC,3,30,0.0025,0.0465,A0017
Risk_bin,TVOC,3,30,-0.0496,0.0012,A0017
Activity_IR,TVOC,4,40,0.0513,0.0163,A0017
HeartRate,TVOC,4,40,0.0532,0.002,A0017
StressIndex,TVOC,4,40,-0.038,0.0141,A0017
Risk_bin,TVOC,4,40,-0.0354,0.0493,A0017
Activity_IR,TVOC,5,50,0.0696,0.0495,A0017
Temperature,TVOC,5,50,0.1029,0.0093,A0017
Risk_bin,TVOC,5,50,-0.0979,0.0004,A0017
Activity_IR,TVOC,6,60,0.0971,0.008,A0017
BreathRate,TVOC,6,60,-0.039,0.0347,A0017
HeartRate,Temperature,1,10,-0.0178,0.0301,A0017
Temperature,Temperature,1,10,0.8475,0.0,A0017
Humidity,Temperature,1,10,0.3242,0.0,A0017
TVOC,Temperature,1,10,0.0949,0.0466,A0017
BreathRate,Temperature,2,20,0.0615,0.0,A0017
Temperature,Temperature,2,20,-0.4204,0.0,A0017
Humidity,Temperature,2,20,-0.0835,0.0,A0017
HeartRate,Temperature,3,30,0.0555,0.0002,A0017
Temperature,Temperature,3,30,0.2028,0.0003,A0017
Humidity,Temperature,3,30,0.0711,0.0005,A0017
HeartRate,Temperature,4,40,0.0704,0.0007,A0017
Humidity,Temperature,4,40,0.1419,0.008,A0017
Risk_bin,Temperature,4,40,-0.0748,0.0245,A0017
Activity_IR,Temperature,5,50,0.0546,0.0031,A0017
StressIndex,Temperature,6,60,-0.0182,0.0084,A0017
Activity_IR,Activity_IR,1,10,0.3528,0.0,A0018
Temperature,Activity_IR,1,10,0.0269,0.0022,A0018
Humidity,Activity_IR,1,10,-0.0462,0.0038,A0018
CO2,Activity_IR,1,10,-0.0055,0.0,A0018
Activity_IR,Activity_IR,2,20,0.0245,0.0023,A0018
StressIndex,Activity_IR,2,20,0.0391,0.0006,A0018
Temperature,Activity_IR,2,20,0.0416,0.0024,A0018
Humidity,Activity_IR,2,20,-0.037,0.0027,A0018
CO2,Activity_IR,2,20,-0.0018,0.0024,A0018
TVOC,Activity_IR,2,20,-0.0089,0.0052,A0018
Risk_bin,Activity_IR,2,20,-0.0268,0.0003,A0018
Activity_IR,Activity_IR,3,30,0.0417,0.0,A0018
BreathRate,Activity_IR,3,30,-0.0198,0.0407,A0018
StressIndex,Activity_IR,3,30,0.0113,0.0024,A0018
Temperature,Activity_IR,3,30,0.028,0.0104,A0018
Humidity,Activity_IR,3,30,-0.0342,0.0059,A0018
StressIndex,Activity_IR,4,40,0.0164,0.0259,A0018
Humidity,Activity_IR,4,40,-0.0346,0.0005,A0018
Risk_bin,Activity_IR,4,40,-0.0414,0.0001,A0018
Activity_IR,Activity_IR,5,50,0.0308,0.0002,A0018
HeartRate,Activity_IR,5,50,0.0273,0.0391,A0018
BreathRate,Activity_IR,5,50,-0.0086,0.0414,A0018
StressIndex,Activity_IR,5,50,0.0026,0.0119,A0018
Temperature,Activity_IR,5,50,-0.0008,0.0086,A0018
Humidity,Activity_IR,5,50,-0.0013,0.005,A0018
Risk_bin,Activity_IR,5,50,-0.0246,0.0241,A0018
Activity_IR,Activity_IR,6,60,0.0034,0.0381,A0018
HeartRate,Activity_IR,6,60,0.0043,0.0018,A0018
StressIndex,Activity_IR,6,60,-0.0206,0.0272,A0018
Temperature,Activity_IR,6,60,0.0175,0.0101,A0018
Humidity,Activity_IR,6,60,-0.0088,0.0037,A0018
CO2,Activity_IR,6,60,0.0084,0.0374,A0018
TVOC,Activity_IR,6,60,0.0115,0.038,A0018
HeartRate,BreathRate,1,10,0.0675,0.0011,A0018
BreathRate,BreathRate,1,10,0.3402,0.0,A0018
StressIndex,BreathRate,1,10,-0.0489,0.0054,A0018
CO2,BreathRate,1,10,0.0111,0.0192,A0018
Risk_bin,BreathRate,1,10,-0.045,0.0027,A0018
Activity_IR,BreathRate,2,20,-0.003,0.014,A0018
BreathRate,BreathRate,2,20,0.1594,0.0,A0018
StressIndex,BreathRate,2,20,-0.033,0.0391,A0018
Temperature,BreathRate,2,20,0.0148,0.0227,A0018
Humidity,BreathRate,2,20,-0.0195,0.0395,A0018
CO2,BreathRate,2,20,-0.0143,0.0042,A0018
TVOC,BreathRate,2,20,-0.0116,0.004,A0018
Activity_IR,BreathRate,3,30,-0.0021,0.0013,A0018
HeartRate,BreathRate,3,30,0.0113,0.0358,A0018
BreathRate,BreathRate,3,30,0.0712,0.0002,A0018
Temperature,BreathRate,3,30,-0.006,0.0081,A0018
Risk_bin,BreathRate,3,30,-0.0207,0.0001,A0018
BreathRate,BreathRate,4,40,0.0199,0.007,A0018
Humidity,BreathRate,4,40,0.0019,0.0307,A0018
BreathRate,BreathRate,5,50,0.0564,0.0,A0018
StressIndex,BreathRate,5,50,0.0257,0.0214,A0018
Humidity,BreathRate,5,50,0.0117,0.0338,A0018
CO2,BreathRate,5,50,0.0196,0.0242,A0018
TVOC,BreathRate,5,50,0.0341,0.0095,A0018
HeartRate,BreathRate,6,60,0.0018,0.0198,A0018
BreathRate,BreathRate,6,60,0.011,0.0441,A0018
StressIndex,BreathRate,6,60,0.0023,0.017,A0018
CO2,BreathRate,6,60,-0.0284,0.0024,A0018
TVOC,BreathRate,6,60,-0.0338,0.0041,A0018
Risk_bin,BreathRate,6,60,-0.0052,0.0103,A0018
Activity_IR,CO2,1,10,0.1223,0.0,A0018
Humidity,CO2,1,10,-0.0587,0.001,A0018
CO2,CO2,1,10,0.063,0.0,A0018
TVOC,CO2,1,10,-0.0298,0.0,A0018
Risk_bin,CO2,1,10,-0.0294,0.0278,A0018
Activity_IR,CO2,2,20,-0.0303,0.0008,A0018
BreathRate,CO2,2,20,-0.0337,0.0112,A0018
StressIndex,CO2,2,20,0.0008,0.0226,A0018
CO2,CO2,2,20,0.0228,0.0055,A0018
TVOC,CO2,2,20,-0.0215,0.009,A0018
Risk_bin,CO2,2,20,0.0179,0.0,A0018
Activity_IR,CO2,3,30,-0.0106,0.0099,A0018
BreathRate,CO2,3,30,-0.0011,0.0227,A0018
Humidity,CO2,3,30,-0.0421,0.0022,A0018
CO2,CO2,3,30,0.0176,0.024,A0018
TVOC,CO2,3,30,-0.0101,0.021,A0018
Risk_bin,CO2,3,30,0.0189,0.035,A0018
Temperature,CO2,4,40,-0.0076,0.0036,A0018
CO2,CO2,4,40,0.0228,0.0029,A0018
Risk_bin,CO2,4,40,0.0062,0.0097,A0018
StressIndex,CO2,5,50,-0.0175,0.0032,A0018
Humidity,CO2,5,50,-0.0123,0.0031,A0018
CO2,CO2,5,50,-0.013,0.0176,A0018
TVOC,CO2,5,50,-0.0063,0.0331,A0018
Risk_bin,CO2,5,50,-0.0126,0.0,A0018
HeartRate,CO2,6,60,0.0076,0.0366,A0018
BreathRate,CO2,6,60,0.0029,0.0078,A0018
StressIndex,CO2,6,60,0.0487,0.0006,A0018
CO2,CO2,6,60,0.0173,0.0393,A0018
TVOC,CO2,6,60,0.0305,0.0158,A0018
Activity_IR,HeartRate,1,10,0.0123,0.0087,A0018
HeartRate,HeartRate,1,10,0.4218,0.0,A0018
StressIndex,HeartRate,1,10,-0.0418,0.0075,A0018
Risk_bin,HeartRate,1,10,-0.0688,0.0043,A0018
Activity_IR,HeartRate,2,20,-0.008,0.031,A0018
HeartRate,HeartRate,2,20,0.1151,0.0,A0018
StressIndex,HeartRate,2,20,-0.036,0.001,A0018
Temperature,HeartRate,2,20,-0.002,0.0492,A0018
Humidity,HeartRate,2,20,-0.0201,0.0009,A0018
CO2,HeartRate,2,20,-0.0274,0.0058,A0018
TVOC,HeartRate,2,20,0.0225,0.0019,A0018
Risk_bin,HeartRate,2,20,0.0205,0.0034,A0018
HeartRate,HeartRate,3,30,0.0668,0.0005,A0018
BreathRate,HeartRate,3,30,0.0086,0.0411,A0018
Temperature,HeartRate,3,30,0.0073,0.0263,A0018
Humidity,HeartRate,3,30,-0.0167,0.0041,A0018
Risk_bin,HeartRate,3,30,-0.014,0.0001,A0018
Activity_IR,HeartRate,4,40,0.0123,0.0047,A0018
HeartRate,HeartRate,4,40,-0.0009,0.0226,A0018
BreathRate,HeartRate,4,40,-0.0183,0.027,A0018
StressIndex,HeartRate,4,40,-0.0264,0.0139,A0018
Humidity,HeartRate,4,40,0.0173,0.0049,A0018
CO2,HeartRate,4,40,-0.0063,0.0438,A0018
TVOC,HeartRate,4,40,0.0078,0.0492,A0018
Activity_IR,HeartRate,5,50,-0.0075,0.0005,A0018
HeartRate,HeartRate,5,50,0.0397,0.0017,A0018
StressIndex,HeartRate,5,50,-0.0068,0.0112,A0018
Humidity,HeartRate,5,50,-0.0252,0.0009,A0018
Activity_IR,HeartRate,6,60,-0.0084,0.04,A0018
HeartRate,HeartRate,6,60,-0.0131,0.0144,A0018
StressIndex,HeartRate,6,60,-0.0135,0.011,A0018
Humidity,HeartRate,6,60,0.0026,0.0005,A0018
Risk_bin,HeartRate,6,60,-0.0003,0.0181,A0018
Activity_IR,Humidity,1,10,-0.1185,0.0,A0018
HeartRate,Humidity,1,10,-0.0256,0.0085,A0018
Temperature,Humidity,1,10,-0.0782,0.0001,A0018
Humidity,Humidity,1,10,0.7078,0.0,A0018
CO2,Humidity,1,10,0.0511,0.0005,A0018
TVOC,Humidity,1,10,0.1044,0.0,A0018
Risk_bin,Humidity,1,10,0.0635,0.0,A0018
Activity_IR,Humidity,2,20,-0.0003,0.005,A0018
Temperature,Humidity,2,20,-0.0386,0.0458,A0018
Humidity,Humidity,2,20,-0.0608,0.0007,A0018
CO2,Humidity,2,20,-0.0213,0.0002,A0018
TVOC,Humidity,2,20,-0.0361,0.0071,A0018
Risk_bin,Humidity,2,20,0.0506,0.0024,A0018
Activity_IR,Humidity,3,30,-0.0054,0.0043,A0018
Temperature,Humidity,3,30,-0.0127,0.0012,A0018
Humidity,Humidity,3,30,0.0142,0.0139,A0018
Risk_bin,Humidity,3,30,0.0047,0.0135,A0018
Activity_IR,Humidity,4,40,-0.0134,0.0055,A0018
HeartRate,Humidity,4,40,0.0103,0.0015,A0018
StressIndex,Humidity,4,40,-0.0071,0.005,A0018
Humidity,Humidity,4,40,-0.0021,0.0026,A0018
TVOC,Humidity,4,40,-0.0229,0.0317,A0018
Risk_bin,Humidity,4,40,0.0521,0.0,A0018
StressIndex,Humidity,5,50,-0.0264,0.0004,A0018
CO2,Humidity,5,50,-0.0119,0.0098,A0018
TVOC,Humidity,5,50,-0.0341,0.0119,A0018
Risk_bin,Humidity,5,50,-0.0121,0.0096,A0018
Activity_IR,Humidity,6,60,0.0097,0.0339,A0018
HeartRate,Humidity,6,60,0.002,0.0117,A0018
BreathRate,Humidity,6,60,-0.0247,0.0008,A0018
Humidity,Humidity,6,60,0.0061,0.0079,A0018
CO2,Humidity,6,60,0.0293,0.0085,A0018
TVOC,Humidity,6,60,0.0002,0.0052,A0018
Risk_bin,Humidity,6,60,-0.0137,0.0099,A0018
Activity_IR,Risk_bin,1,10,-0.0938,0.0,A0018
HeartRate,Risk_bin,1,10,-0.0281,0.0067,A0018
StressIndex,Risk_bin,1,10,-0.0116,0.0106,A0018
Temperature,Risk_bin,1,10,-0.061,0.0045,A0018
CO2,Risk_bin,1,10,0.0171,0.0002,A0018
TVOC,Risk_bin,1,10,-0.0376,0.0,A0018
Risk_bin,Risk_bin,1,10,0.6358,0.0,A0018
HeartRate,Risk_bin,2,20,-0.0001,0.0013,A0018
StressIndex,Risk_bin,2,20,-0.0145,0.0476,A0018
Temperature,Risk_bin,2,20,-0.0054,0.0045,A0018
Risk_bin,Risk_bin,2,20,0.0624,0.0002,A0018
HeartRate,Risk_bin,3,30,-0.0052,0.0171,A0018
BreathRate,Risk_bin,3,30,-0.0114,0.0085,A0018
StressIndex,Risk_bin,3,30,-0.0014,0.011,A0018
HeartRate,Risk_bin,4,40,0.0155,0.0048,A0018
BreathRate,Risk_bin,4,40,0.0088,0.0062,A0018
StressIndex,Risk_bin,4,40,-0.0121,0.0107,A0018
Temperature,Risk_bin,4,40,0.0063,0.0112,A0018
Risk_bin,Risk_bin,4,40,0.0343,0.0005,A0018
StressIndex,Risk_bin,5,50,0.0127,0.0139,A0018
Temperature,Risk_bin,5,50,-0.0024,0.0295,A0018
Humidity,Risk_bin,5,50,0.0164,0.0462,A0018
Risk_bin,Risk_bin,5,50,0.0064,0.028,A0018
HeartRate,Risk_bin,6,60,0.005,0.0001,A0018
BreathRate,Risk_bin,6,60,-0.0145,0.03,A0018
Temperature,Risk_bin,6,60,-0.0126,0.0151,A0018
Risk_bin,Risk_bin,6,60,0.001,0.0479,A0018
Activity_IR,StressIndex,1,10,0.0204,0.0014,A0018
HeartRate,StressIndex,1,10,-0.0831,0.0005,A0018
BreathRate,StressIndex,1,10,0.0299,0.0405,A0018
StressIndex,StressIndex,1,10,0.2797,0.0,A0018
CO2,StressIndex,1,10,0.0037,0.0082,A0018
TVOC,StressIndex,1,10,-0.0033,0.006,A0018
Risk_bin,StressIndex,1,10,-0.0243,0.0107,A0018
Activity_IR,StressIndex,2,20,-0.0011,0.0169,A0018
HeartRate,StressIndex,2,20,-0.0321,0.0118,A0018
StressIndex,StressIndex,2,20,0.1231,0.0,A0018
Temperature,StressIndex,2,20,0.0107,0.0215,A0018
Humidity,StressIndex,2,20,0.0076,0.0041,A0018
CO2,StressIndex,2,20,-0.0049,0.0397,A0018
Risk_bin,StressIndex,2,20,-0.0105,0.0112,A0018
Activity_IR,StressIndex,3,30,0.0229,0.0179,A0018
HeartRate,StressIndex,3,30,0.0042,0.0116,A0018
StressIndex,StressIndex,3,30,0.109,0.0,A0018
Temperature,StressIndex,3,30,-0.0006,0.0002,A0018
Activity_IR,StressIndex,4,40,0.0171,0.0223,A0018
HeartRate,StressIndex,4,40,-0.0195,0.0056,A0018
BreathRate,StressIndex,4,40,-0.0089,0.0085,A0018
StressIndex,StressIndex,4,40,0.0241,0.0176,A0018
Temperature,StressIndex,4,40,0.0067,0.0132,A0018
Humidity,StressIndex,4,40,-0.0107,0.0252,A0018
CO2,StressIndex,4,40,0.013,0.0368,A0018
TVOC,StressIndex,4,40,0.0134,0.0389,A0018
Risk_bin,StressIndex,4,40,0.0014,0.0095,A0018
HeartRate,StressIndex,5,50,0.0007,0.0303,A0018
StressIndex,StressIndex,5,50,0.0641,0.0001,A0018
Temperature,StressIndex,5,50,0.0204,0.0294,A0018
Humidity,StressIndex,5,50,-0.0001,0.0271,A0018
TVOC,StressIndex,5,50,0.0224,0.0189,A0018
Risk_bin,StressIndex,5,50,-0.0065,0.0202,A0018
Temperature,StressIndex,6,60,-0.001,0.0243,A0018
Humidity,StressIndex,6,60,0.0268,0.0176,A0018
CO2,StressIndex,6,60,0.0077,0.0273,A0018
TVOC,StressIndex,6,60,0.0084,0.0339,A0018
Activity_IR,TVOC,1,10,0.1124,0.0,A0018
Humidity,TVOC,1,10,-0.0581,0.0013,A0018
CO2,TVOC,1,10,0.0577,0.0,A0018
TVOC,TVOC,1,10,-0.0303,0.0,A0018
Risk_bin,TVOC,1,10,-0.0214,0.0338,A0018
Activity_IR,TVOC,2,20,-0.0288,0.0011,A0018
BreathRate,TVOC,2,20,-0.0334,0.0204,A0018
StressIndex,TVOC,2,20,-0.0054,0.0136,A0018
CO2,TVOC,2,20,0.0173,0.0085,A0018
TVOC,TVOC,2,20,-0.0329,0.0133,A0018
Risk_bin,TVOC,2,20,0.0203,0.0,A0018
Activity_IR,TVOC,3,30,-0.0123,0.0142,A0018
BreathRate,TVOC,3,30,-0.0,0.0191,A0018
Humidity,TVOC,3,30,-0.0391,0.001,A0018
CO2,TVOC,3,30,0.0109,0.0197,A0018
TVOC,TVOC,3,30,0.0004,0.0169,A0018
Risk_bin,TVOC,3,30,0.0129,0.0291,A0018
Temperature,TVOC,4,40,-0.0025,0.0056,A0018
CO2,TVOC,4,40,0.015,0.0044,A0018
Risk_bin,TVOC,4,40,0.004,0.0051,A0018
StressIndex,TVOC,5,50,-0.0207,0.0041,A0018
Humidity,TVOC,5,50,-0.0148,0.0032,A0018
CO2,TVOC,5,50,-0.0182,0.0235,A0018
TVOC,TVOC,5,50,-0.0107,0.038,A0018
Risk_bin,TVOC,5,50,-0.0182,0.0,A0018
HeartRate,TVOC,6,60,0.0078,0.0361,A0018
BreathRate,TVOC,6,60,0.0068,0.0061,A0018
StressIndex,TVOC,6,60,0.0444,0.0017,A0018
Humidity,TVOC,6,60,0.0177,0.0263,A0018
CO2,TVOC,6,60,0.018,0.0476,A0018
TVOC,TVOC,6,60,0.0156,0.0322,A0018
Risk_bin,TVOC,6,60,-0.0019,0.0395,A0018
Activity_IR,Temperature,1,10,0.1003,0.0,A0018
HeartRate,Temperature,1,10,-0.0038,0.0343,A0018
BreathRate,Temperature,1,10,-0.018,0.0381,A0018
StressIndex,Temperature,1,10,0.0033,0.0309,A0018
Temperature,Temperature,1,10,0.7843,0.0,A0018
Humidity,Temperature,1,10,0.1955,0.0,A0018
CO2,Temperature,1,10,0.0752,0.0,A0018
TVOC,Temperature,1,10,0.045,0.0,A0018
Risk_bin,Temperature,1,10,-0.0312,0.0145,A0018
Activity_IR,Temperature,2,20,-0.1162,0.0,A0018
Temperature,Temperature,2,20,-0.1701,0.0,A0018
Humidity,Temperature,2,20,-0.0961,0.0,A0018
CO2,Temperature,2,20,0.0275,0.0304,A0018
Risk_bin,Temperature,2,20,0.0029,0.004,A0018
Activity_IR,Temperature,3,30,-0.0152,0.0035,A0018
HeartRate,Temperature,3,30,0.024,0.0191,A0018
BreathRate,Temperature,3,30,-0.0083,0.0377,A0018
Humidity,Temperature,3,30,-0.0376,0.0003,A0018
CO2,Temperature,3,30,-0.0394,0.0125,A0018
TVOC,Temperature,3,30,-0.0227,0.0458,A0018
Activity_IR,Temperature,4,40,-0.0463,0.0194,A0018
HeartRate,Temperature,4,40,-0.0213,0.0,A0018
BreathRate,Temperature,4,40,0.0038,0.0215,A0018
StressIndex,Temperature,4,40,0.0111,0.0212,A0018
Temperature,Temperature,4,40,-0.0328,0.0146,A0018
Humidity,Temperature,4,40,-0.0051,0.04,A0018
CO2,Temperature,4,40,-0.0124,0.0334,A0018
TVOC,Temperature,4,40,-0.0072,0.0267,A0018
BreathRate,Temperature,5,50,-0.0016,0.0168,A0018
StressIndex,Temperature,5,50,-0.0134,0.0016,A0018
Temperature,Temperature,5,50,-0.0026,0.0338,A0018
Humidity,Temperature,5,50,-0.0278,0.0267,A0018
CO2,Temperature,5,50,-0.0322,0.0084,A0018
TVOC,Temperature,5,50,-0.0254,0.0051,A0018
Risk_bin,Temperature,5,50,-0.023,0.0117,A0018
StressIndex,Temperature,6,60,-0.0248,0.0083,A0018
Temperature,Temperature,6,60,0.0264,0.0011,A0018
Activity_IR,Activity_IR,1,10,0.4878,0.0,A0019
HeartRate,Activity_IR,1,10,0.0427,0.0072,A0019
Temperature,Activity_IR,1,10,0.0726,0.0,A0019
CO2,Activity_IR,1,10,0.0217,0.0279,A0019
Risk_bin,Activity_IR,1,10,-0.0721,0.0208,A0019
Temperature,Activity_IR,2,20,0.0501,0.0479,A0019
Activity_IR,Activity_IR,3,30,0.0699,0.0001,A0019
HeartRate,Activity_IR,3,30,0.031,0.0036,A0019
Temperature,Activity_IR,3,30,0.0416,0.0239,A0019
Temperature,Activity_IR,4,40,0.0532,0.016,A0019
Activity_IR,Activity_IR,5,50,0.063,0.0,A0019
StressIndex,Activity_IR,5,50,-0.02,0.025,A0019
Activity_IR,Activity_IR,6,60,0.0097,0.0101,A0019
HeartRate,Activity_IR,6,60,0.0821,0.0,A0019
BreathRate,Activity_IR,6,60,0.0239,0.0024,A0019
Temperature,Activity_IR,6,60,0.0458,0.0007,A0019
Activity_IR,BreathRate,1,10,-0.0102,0.0145,A0019
HeartRate,BreathRate,1,10,0.0563,0.0097,A0019
BreathRate,BreathRate,1,10,0.3176,0.0,A0019
Temperature,BreathRate,1,10,-0.0575,0.0363,A0019
Risk_bin,BreathRate,1,10,-0.0695,0.0024,A0019
HeartRate,BreathRate,2,20,0.0728,0.0026,A0019
BreathRate,BreathRate,2,20,0.1041,0.0,A0019
Humidity,BreathRate,2,20,-0.0532,0.0283,A0019
Temperature,BreathRate,3,30,0.0543,0.0442,A0019
BreathRate,BreathRate,4,40,-0.0259,0.0051,A0019
Risk_bin,BreathRate,4,40,0.0377,0.0083,A0019
HeartRate,BreathRate,5,50,0.0316,0.0054,A0019
BreathRate,BreathRate,5,50,0.0495,0.005,A0019
Activity_IR,BreathRate,6,60,-0.0177,0.0183,A0019
Temperature,BreathRate,6,60,-0.0198,0.0277,A0019
Humidity,CO2,1,10,0.0085,0.042,A0019
CO2,CO2,1,10,0.0376,0.0247,A0019
BreathRate,CO2,2,20,-0.0471,0.0079,A0019
CO2,CO2,2,20,0.0225,0.011,A0019
Temperature,CO2,3,30,0.0193,0.0286,A0019
HeartRate,CO2,5,50,-0.0232,0.0008,A0019
BreathRate,CO2,5,50,-0.0339,0.041,A0019
Temperature,CO2,5,50,-0.0371,0.0277,A0019
BreathRate,CO2,6,60,0.0176,0.0215,A0019
CO2,CO2,6,60,-0.0284,0.029,A0019
TVOC,CO2,6,60,-0.0261,0.0374,A0019
Risk_bin,CO2,6,60,-0.0464,0.0,A0019
HeartRate,HeartRate,1,10,0.5278,0.0,A0019
Activity_IR,HeartRate,2,20,0.0662,0.0002,A0019
HeartRate,HeartRate,2,20,0.1366,0.0,A0019
HeartRate,HeartRate,3,30,0.0626,0.0074,A0019
Activity_IR,HeartRate,4,40,-0.0333,0.0367,A0019
HeartRate,HeartRate,4,40,0.0481,0.0122,A0019
Humidity,HeartRate,4,40,0.0375,0.0346,A0019
Risk_bin,HeartRate,4,40,0.0427,0.0183,A0019
Activity_IR,HeartRate,5,50,0.0058,0.002,A0019
StressIndex,HeartRate,5,50,-0.0135,0.0002,A0019
Humidity,HeartRate,5,50,-0.014,0.0129,A0019
Risk_bin,HeartRate,5,50,-0.0385,0.0283,A0019
Activity_IR,HeartRate,6,60,-0.0605,0.0146,A0019
HeartRate,HeartRate,6,60,0.0444,0.0096,A0019
Risk_bin,HeartRate,6,60,-0.0162,0.0064,A0019
Humidity,Humidity,1,10,0.7368,0.0,A0019
CO2,Humidity,1,10,0.0696,0.0008,A0019
TVOC,Humidity,1,10,0.0476,0.0,A0019
Activity_IR,Humidity,2,20,0.0114,0.0011,A0019
Humidity,Humidity,2,20,-0.1277,0.0,A0019
CO2,Humidity,2,20,-0.0743,0.004,A0019
TVOC,Humidity,2,20,0.0011,0.0,A0019
Temperature,Humidity,3,30,-0.0674,0.0034,A0019
CO2,Humidity,3,30,-0.0751,0.001,A0019
TVOC,Humidity,3,30,-0.046,0.0023,A0019
Activity_IR,Humidity,4,40,0.0675,0.0008,A0019
TVOC,Humidity,4,40,-0.0455,0.0004,A0019
Activity_IR,Humidity,5,50,-0.0401,0.0301,A0019
HeartRate,Humidity,5,50,0.0218,0.0295,A0019
Activity_IR,Humidity,6,60,-0.0193,0.0214,A0019
Risk_bin,Humidity,6,60,-0.0193,0.0144,A0019
Risk_bin,Risk_bin,1,10,0.3708,0.0,A0019
Risk_bin,Risk_bin,2,20,0.2239,0.0,A0019
StressIndex,Risk_bin,3,30,0.0169,0.0499,A0019
Risk_bin,Risk_bin,3,30,0.0505,0.0001,A0019
StressIndex,Risk_bin,4,40,-0.0625,0.0031,A0019
Risk_bin,Risk_bin,4,40,0.0774,0.0,A0019
StressIndex,Risk_bin,5,50,0.0403,0.0068,A0019
TVOC,Risk_bin,5,50,0.0251,0.0378,A0019
CO2,Risk_bin,6,60,0.035,0.0411,A0019
TVOC,Risk_bin,6,60,0.0318,0.0053,A0019
HeartRate,StressIndex,1,10,-0.0773,0.0038,A0019
BreathRate,StressIndex,1,10,-0.021,0.008,A0019
StressIndex,StressIndex,1,10,0.221,0.0,A0019
CO2,StressIndex,1,10,0.0254,0.0242,A0019
TVOC,StressIndex,1,10,-0.0223,0.0476,A0019
Risk_bin,StressIndex,1,10,-0.0272,0.0131,A0019
BreathRate,StressIndex,2,20,0.0476,0.0029,A0019
StressIndex,StressIndex,2,20,0.1327,0.0,A0019
BreathRate,StressIndex,3,30,0.0067,0.0108,A0019
StressIndex,StressIndex,3,30,0.0888,0.0027,A0019
CO2,StressIndex,3,30,-0.0384,0.0266,A0019
Humidity,StressIndex,4,40,-0.0483,0.0463,A0019
StressIndex,StressIndex,5,50,0.0936,0.0004,A0019
HeartRate,StressIndex,6,60,0.0076,0.0158,A0019
CO2,StressIndex,6,60,-0.018,0.0106,A0019
TVOC,StressIndex,6,60,-0.0194,0.0115,A0019
Risk_bin,StressIndex,6,60,-0.0328,0.0236,A0019
Activity_IR,TVOC,2,20,-0.016,0.045,A0019
BreathRate,TVOC,2,20,-0.0542,0.0084,A0019
CO2,TVOC,2,20,0.0119,0.0233,A0019
Activity_IR,TVOC,5,50,0.0053,0.0382,A0019
HeartRate,TVOC,5,50,-0.0228,0.0028,A0019
Temperature,TVOC,5,50,-0.0439,0.036,A0019
BreathRate,TVOC,6,60,0.0102,0.0312,A0019
Temperature,TVOC,6,60,-0.0252,0.0384,A0019
Risk_bin,TVOC,6,60,-0.0368,0.001,A0019
Activity_IR,Temperature,1,10,0.1393,0.0,A0019
HeartRate,Temperature,1,10,0.0773,0.0024,A0019
Temperature,Temperature,1,10,0.7934,0.0,A0019
Humidity,Temperature,1,10,0.1764,0.0,A0019
CO2,Temperature,1,10,0.1659,0.0,A0019
TVOC,Temperature,1,10,0.0271,0.0,A0019
Activity_IR,Temperature,2,20,-0.04,0.0248,A0019
BreathRate,Temperature,2,20,0.0115,0.0028,A0019
Temperature,Temperature,2,20,-0.1415,0.0,A0019
Humidity,Temperature,2,20,-0.0082,0.0365,A0019
TVOC,Temperature,2,20,-0.0058,0.0,A0019
Risk_bin,Temperature,2,20,-0.0349,0.0399,A0019
Humidity,Temperature,3,30,-0.0575,0.0008,A0019
CO2,Temperature,3,30,-0.0192,0.0118,A0019
Temperature,Temperature,4,40,-0.0662,0.0071,A0019
CO2,Temperature,4,40,-0.0374,0.0312,A0019
StressIndex,Temperature,5,50,-0.0257,0.0314,A0019
CO2,Temperature,6,60,-0.0355,0.0302,A0019
Activity_IR,Activity_IR,1,10,0.3772,0.0,A0022
BreathRate,Activity_IR,1,10,0.0264,0.0025,A0022
Temperature,Activity_IR,1,10,0.017,0.0289,A0022
Humidity,Activity_IR,1,10,0.0025,0.0288,A0022
Risk_bin,Activity_IR,1,10,-0.0554,0.0038,A0022
Activity_IR,Activity_IR,2,20,0.0149,0.0011,A0022
Temperature,Activity_IR,2,20,0.0243,0.0209,A0022
Humidity,Activity_IR,2,20,-0.0175,0.027,A0022
Risk_bin,Activity_IR,2,20,-0.0272,0.0179,A0022
Activity_IR,Activity_IR,3,30,0.0316,0.0129,A0022
StressIndex,Activity_IR,3,30,0.0302,0.0116,A0022
Temperature,Activity_IR,3,30,0.0268,0.0278,A0022
Activity_IR,Activity_IR,4,40,-0.0017,0.0367,A0022
StressIndex,Activity_IR,4,40,0.0197,0.0032,A0022
Temperature,Activity_IR,4,40,0.0156,0.036,A0022
Humidity,Activity_IR,4,40,-0.0022,0.0241,A0022
CO2,Activity_IR,4,40,-0.0272,0.0301,A0022
Activity_IR,Activity_IR,5,50,0.0229,0.0101,A0022
Humidity,Activity_IR,5,50,-0.0248,0.0483,A0022
CO2,Activity_IR,5,50,0.001,0.0313,A0022
TVOC,Activity_IR,5,50,0.0009,0.0146,A0022
Risk_bin,Activity_IR,5,50,-0.0392,0.0002,A0022
StressIndex,Activity_IR,6,60,-0.0007,0.0186,A0022
Temperature,Activity_IR,6,60,-0.0128,0.0147,A0022
Humidity,Activity_IR,6,60,-0.0125,0.0148,A0022
Activity_IR,BreathRate,1,10,0.0296,0.0404,A0022
HeartRate,BreathRate,1,10,0.0352,0.0014,A0022
BreathRate,BreathRate,1,10,0.4425,0.0,A0022
StressIndex,BreathRate,1,10,-0.0221,0.0247,A0022
Temperature,BreathRate,1,10,0.0121,0.0166,A0022
Risk_bin,BreathRate,1,10,-0.0342,0.0086,A0022
HeartRate,BreathRate,2,20,-0.0074,0.0079,A0022
BreathRate,BreathRate,2,20,0.1193,0.0,A0022
StressIndex,BreathRate,2,20,-0.0334,0.039,A0022
Temperature,BreathRate,2,20,0.0273,0.0276,A0022
Risk_bin,BreathRate,2,20,-0.0091,0.0088,A0022
HeartRate,BreathRate,3,30,0.0157,0.033,A0022
BreathRate,BreathRate,3,30,0.0823,0.0,A0022
Temperature,BreathRate,3,30,0.0047,0.0019,A0022
CO2,BreathRate,3,30,-0.0057,0.0496,A0022
Risk_bin,BreathRate,3,30,-0.0076,0.0493,A0022
HeartRate,BreathRate,4,40,0.019,0.0049,A0022
BreathRate,BreathRate,4,40,0.041,0.0199,A0022
Risk_bin,BreathRate,4,40,-0.0171,0.0322,A0022
BreathRate,BreathRate,5,50,-0.0299,0.0006,A0022
CO2,BreathRate,5,50,0.0213,0.0099,A0022
TVOC,BreathRate,5,50,0.0025,0.0134,A0022
Risk_bin,BreathRate,5,50,-0.0176,0.0007,A0022
Activity_IR,BreathRate,6,60,0.0247,0.0202,A0022
HeartRate,BreathRate,6,60,0.0245,0.0008,A0022
BreathRate,BreathRate,6,60,0.0066,0.0047,A0022
StressIndex,BreathRate,6,60,-0.0108,0.0485,A0022
Temperature,BreathRate,6,60,0.0229,0.0274,A0022
Risk_bin,BreathRate,6,60,0.0113,0.0427,A0022
Activity_IR,CO2,1,10,0.0809,0.0,A0022
HeartRate,CO2,1,10,-0.0014,0.0046,A0022
BreathRate,CO2,1,10,-0.0259,0.0283,A0022
Humidity,CO2,1,10,-0.0354,0.0046,A0022
CO2,CO2,1,10,0.0526,0.0,A0022
TVOC,CO2,1,10,-0.0463,0.0,A0022
Risk_bin,CO2,1,10,-0.0219,0.0447,A0022
HeartRate,CO2,2,20,-0.008,0.0042,A0022
StressIndex,CO2,2,20,0.0042,0.024,A0022
CO2,CO2,2,20,0.0109,0.0046,A0022
TVOC,CO2,2,20,-0.014,0.0095,A0022
Risk_bin,CO2,2,20,0.0168,0.0475,A0022
Activity_IR,CO2,3,30,0.0047,0.0176,A0022
CO2,CO2,3,30,0.0272,0.0317,A0022
Risk_bin,CO2,3,30,-0.005,0.0276,A0022
Activity_IR,CO2,4,40,-0.0057,0.028,A0022
Humidity,CO2,4,40,-0.022,0.0386,A0022
CO2,CO2,4,40,0.034,0.0067,A0022
TVOC,CO2,4,40,0.0193,0.0067,A0022
BreathRate,CO2,5,50,0.04,0.0085,A0022
CO2,CO2,5,50,0.0259,0.0022,A0022
TVOC,CO2,5,50,0.0424,0.003,A0022
HeartRate,CO2,6,60,0.0199,0.0491,A0022
BreathRate,CO2,6,60,-0.0094,0.0375,A0022
Humidity,CO2,6,60,-0.0144,0.0442,A0022
Activity_IR,HeartRate,1,10,0.0333,0.0018,A0022
HeartRate,HeartRate,1,10,0.479,0.0,A0022
StressIndex,HeartRate,1,10,0.009,0.0437,A0022
Humidity,HeartRate,1,10,-0.0445,0.0077,A0022
Risk_bin,HeartRate,1,10,-0.0507,0.0078,A0022
HeartRate,HeartRate,2,20,0.0777,0.0,A0022
BreathRate,HeartRate,2,20,0.017,0.0129,A0022
StressIndex,HeartRate,2,20,-0.0221,0.0215,A0022
Temperature,HeartRate,2,20,-0.0008,0.0263,A0022
Risk_bin,HeartRate,2,20,-0.0253,0.0088,A0022
Activity_IR,HeartRate,3,30,-0.0081,0.0427,A0022
HeartRate,HeartRate,3,30,0.0447,0.0045,A0022
BreathRate,HeartRate,3,30,0.0063,0.0333,A0022
Temperature,HeartRate,3,30,0.0008,0.0377,A0022
Humidity,HeartRate,3,30,0.0072,0.0079,A0022
CO2,HeartRate,3,30,-0.0255,0.0111,A0022
TVOC,HeartRate,3,30,-0.0279,0.0094,A0022
Risk_bin,HeartRate,3,30,-0.0088,0.0444,A0022
BreathRate,HeartRate,4,40,0.0312,0.0033,A0022
Humidity,HeartRate,4,40,0.0002,0.0119,A0022
Risk_bin,HeartRate,4,40,0.0312,0.0056,A0022
HeartRate,HeartRate,5,50,0.0216,0.0228,A0022
BreathRate,HeartRate,5,50,-0.0155,0.0228,A0022
StressIndex,HeartRate,5,50,-0.028,0.0215,A0022
Temperature,HeartRate,5,50,-0.0096,0.0218,A0022
Humidity,HeartRate,5,50,-0.0121,0.0239,A0022
Risk_bin,HeartRate,5,50,-0.0151,0.0201,A0022
Activity_IR,HeartRate,6,60,0.0135,0.0075,A0022
HeartRate,HeartRate,6,60,-0.0138,0.0004,A0022
Humidity,HeartRate,6,60,-0.0053,0.0025,A0022
Activity_IR,Humidity,1,10,-0.0965,0.0,A0022
StressIndex,Humidity,1,10,-0.0236,0.0126,A0022
Temperature,Humidity,1,10,-0.144,0.0,A0022
Humidity,Humidity,1,10,0.6887,0.0,A0022
CO2,Humidity,1,10,0.1234,0.0,A0022
TVOC,Humidity,1,10,0.0925,0.0,A0022
Risk_bin,Humidity,1,10,0.0058,0.0312,A0022
Activity_IR,Humidity,2,20,0.012,0.018,A0022
HeartRate,Humidity,2,20,-0.0143,0.0037,A0022
Temperature,Humidity,2,20,-0.0792,0.0,A0022
Humidity,Humidity,2,20,-0.018,0.0311,A0022
CO2,Humidity,2,20,0.0575,0.0001,A0022
TVOC,Humidity,2,20,0.0486,0.0001,A0022
Risk_bin,Humidity,2,20,0.0102,0.0433,A0022
HeartRate,Humidity,3,30,-0.0113,0.0124,A0022
BreathRate,Humidity,3,30,-0.0248,0.0314,A0022
StressIndex,Humidity,3,30,-0.0014,0.027,A0022
Temperature,Humidity,3,30,-0.0029,0.0093,A0022
Activity_IR,Humidity,4,40,-0.0041,0.022,A0022
StressIndex,Humidity,4,40,0.0066,0.0098,A0022
Temperature,Humidity,4,40,-0.0054,0.007,A0022
Activity_IR,Humidity,5,50,0.0122,0.0194,A0022
BreathRate,Humidity,5,50,-0.0309,0.0243,A0022
Temperature,Humidity,5,50,-0.0063,0.0356,A0022
Humidity,Humidity,5,50,-0.0003,0.0007,A0022
CO2,Humidity,5,50,0.0184,0.0305,A0022
HeartRate,Humidity,6,60,-0.0091,0.0452,A0022
BreathRate,Humidity,6,60,0.0233,0.0015,A0022
Activity_IR,Risk_bin,1,10,-0.0704,0.0009,A0022
BreathRate,Risk_bin,1,10,-0.0037,0.0058,A0022
Humidity,Risk_bin,1,10,0.0547,0.0094,A0022
Risk_bin,Risk_bin,1,10,0.4126,0.0,A0022
BreathRate,Risk_bin,2,20,-0.0229,0.0003,A0022
StressIndex,Risk_bin,2,20,-0.0111,0.0146,A0022
CO2,Risk_bin,2,20,-0.0187,0.0001,A0022
TVOC,Risk_bin,2,20,-0.0014,0.0,A0022
Risk_bin,Risk_bin,2,20,0.1256,0.0,A0022
Activity_IR,Risk_bin,3,30,-0.0138,0.0189,A0022
HeartRate,Risk_bin,3,30,0.0108,0.0498,A0022
BreathRate,Risk_bin,3,30,-0.0128,0.0003,A0022
StressIndex,Risk_bin,3,30,-0.0231,0.0142,A0022
Temperature,Risk_bin,3,30,0.0221,0.0205,A0022
CO2,Risk_bin,3,30,0.0031,0.0011,A0022
TVOC,Risk_bin,3,30,0.0123,0.0001,A0022
Risk_bin,Risk_bin,3,30,0.0673,0.0014,A0022
HeartRate,Risk_bin,4,40,-0.0309,0.0378,A0022
BreathRate,Risk_bin,4,40,-0.0076,0.0232,A0022
StressIndex,Risk_bin,4,40,-0.0284,0.0499,A0022
Activity_IR,Risk_bin,5,50,-0.0089,0.0459,A0022
BreathRate,Risk_bin,5,50,0.007,0.0036,A0022
CO2,Risk_bin,5,50,0.0154,0.0327,A0022
TVOC,Risk_bin,5,50,0.034,0.0,A0022
Risk_bin,Risk_bin,5,50,0.0097,0.0058,A0022
CO2,Risk_bin,6,60,0.0238,0.0013,A0022
TVOC,Risk_bin,6,60,0.0209,0.0,A0022
Risk_bin,Risk_bin,6,60,0.0294,0.0,A0022
BreathRate,StressIndex,1,10,-0.0484,0.0097,A0022
StressIndex,StressIndex,1,10,0.2334,0.0,A0022
CO2,StressIndex,1,10,0.0173,0.0045,A0022
TVOC,StressIndex,1,10,-0.0024,0.0035,A0022
Risk_bin,StressIndex,1,10,-0.0229,0.0151,A0022
StressIndex,StressIndex,2,20,0.1269,0.0,A0022
CO2,StressIndex,2,20,-0.0163,0.0154,A0022
TVOC,StressIndex,2,20,-0.0218,0.0059,A0022
HeartRate,StressIndex,3,30,-0.0171,0.0297,A0022
StressIndex,StressIndex,3,30,0.1218,0.0,A0022
CO2,StressIndex,3,30,-0.0281,0.0127,A0022
TVOC,StressIndex,3,30,-0.0128,0.0068,A0022
Activity_IR,StressIndex,4,40,-0.0231,0.0377,A0022
HeartRate,StressIndex,4,40,-0.0158,0.0186,A0022
BreathRate,StressIndex,4,40,-0.0085,0.0287,A0022
StressIndex,StressIndex,4,40,0.0548,0.0059,A0022
CO2,StressIndex,4,40,-0.0225,0.0185,A0022
TVOC,StressIndex,4,40,-0.0198,0.0207,A0022
StressIndex,StressIndex,5,50,0.0617,0.0056,A0022
Temperature,StressIndex,5,50,-0.0086,0.0296,A0022
Humidity,StressIndex,5,50,0.0218,0.0231,A0022
TVOC,StressIndex,5,50,-0.0026,0.0054,A0022
Risk_bin,StressIndex,5,50,-0.0034,0.0113,A0022
HeartRate,StressIndex,6,60,-0.0091,0.0221,A0022
StressIndex,StressIndex,6,60,0.0498,0.0014,A0022
Risk_bin,StressIndex,6,60,-0.0326,0.0004,A0022
Activity_IR,TVOC,1,10,0.0796,0.0,A0022
HeartRate,TVOC,1,10,0.0005,0.0081,A0022
StressIndex,TVOC,1,10,-0.0154,0.0058,A0022
Humidity,TVOC,1,10,-0.0293,0.0071,A0022
CO2,TVOC,1,10,0.026,0.0134,A0022
TVOC,TVOC,1,10,-0.0401,0.0,A0022
HeartRate,TVOC,2,20,-0.0114,0.0059,A0022
StressIndex,TVOC,2,20,0.0041,0.0101,A0022
CO2,TVOC,2,20,0.0102,0.0053,A0022
TVOC,TVOC,2,20,-0.0111,0.0212,A0022
Risk_bin,TVOC,2,20,0.0136,0.0315,A0022
Activity_IR,TVOC,3,30,0.0064,0.0359,A0022
CO2,TVOC,3,30,0.0288,0.0401,A0022
Risk_bin,TVOC,3,30,-0.0036,0.0439,A0022
Activity_IR,TVOC,4,40,-0.0035,0.044,A0022
HeartRate,TVOC,4,40,-0.0146,0.0408,A0022
Temperature,TVOC,4,40,-0.0092,0.044,A0022
CO2,TVOC,4,40,0.0183,0.004,A0022
TVOC,TVOC,4,40,0.0269,0.0033,A0022
BreathRate,TVOC,5,50,0.0348,0.0146,A0022
CO2,TVOC,5,50,0.0365,0.0013,A0022
TVOC,TVOC,5,50,0.0237,0.0018,A0022
Risk_bin,TVOC,5,50,-0.0034,0.0255,A0022
Activity_IR,Temperature,1,10,0.0795,0.0001,A0022
HeartRate,Temperature,1,10,0.0196,0.0156,A0022
BreathRate,Temperature,1,10,0.0335,0.0492,A0022
StressIndex,Temperature,1,10,0.0164,0.0077,A0022
Temperature,Temperature,1,10,0.8313,0.0,A0022
Humidity,Temperature,1,10,0.1042,0.0,A0022
CO2,Temperature,1,10,0.0288,0.0079,A0022
TVOC,Temperature,1,10,0.0294,0.0126,A0022
Risk_bin,Temperature,1,10,-0.0309,0.0093,A0022
Activity_IR,Temperature,2,20,-0.0961,0.0,A0022
Temperature,Temperature,2,20,-0.2919,0.0,A0022
Humidity,Temperature,2,20,0.0035,0.0026,A0022
CO2,Temperature,2,20,0.0282,0.0153,A0022
TVOC,Temperature,2,20,0.023,0.0008,A0022
Activity_IR,Temperature,3,30,-0.0238,0.0183,A0022
HeartRate,Temperature,3,30,0.0199,0.0132,A0022
BreathRate,Temperature,3,30,0.0039,0.0077,A0022
StressIndex,Temperature,3,30,-0.0058,0.0385,A0022
Temperature,Temperature,3,30,0.0227,0.0,A0022
Humidity,Temperature,3,30,-0.0018,0.0322,A0022
Activity_IR,Temperature,4,40,-0.0223,0.0209,A0022
StressIndex,Temperature,4,40,-0.0068,0.0224,A0022
Temperature,Temperature,4,40,-0.0263,0.0007,A0022
Humidity,Temperature,4,40,-0.0124,0.0497,A0022
CO2,Temperature,4,40,-0.0075,0.0451,A0022
Activity_IR,Temperature,5,50,-0.0141,0.0492,A0022
Temperature,Temperature,5,50,-0.0345,0.0016,A0022
Humidity,Temperature,5,50,0.016,0.0022,A0022
Activity_IR,Temperature,6,60,0.0382,0.018,A0022
HeartRate,Temperature,6,60,-0.0064,0.0176,A0022
Temperature,Temperature,6,60,0.0058,0.0243,A0022
Activity_IR,Activity_IR,1,10,0.4124,0.0,A0023
HeartRate,Activity_IR,1,10,-0.0123,0.0115,A0023
Temperature,Activity_IR,1,10,0.0026,0.0005,A0023
HeartRate,Activity_IR,2,20,-0.0095,0.0435,A0023
BreathRate,Activity_IR,2,20,-0.027,0.0045,A0023
Temperature,Activity_IR,2,20,0.0169,0.0043,A0023
Humidity,Activity_IR,2,20,-0.0933,0.0023,A0023
CO2,Activity_IR,2,20,0.0158,0.0205,A0023
TVOC,Activity_IR,2,20,0.0138,0.0247,A0023
Activity_IR,Activity_IR,3,30,-0.0386,0.0178,A0023
Humidity,Activity_IR,3,30,-0.0325,0.002,A0023
Risk_bin,Activity_IR,3,30,0.0148,0.0194,A0023
Activity_IR,Activity_IR,4,40,-0.0027,0.0481,A0023
HeartRate,Activity_IR,4,40,-0.0562,0.029,A0023
StressIndex,Activity_IR,4,40,0.0471,0.0457,A0023
Temperature,Activity_IR,4,40,0.0495,0.0153,A0023
Humidity,Activity_IR,4,40,0.0046,0.0095,A0023
CO2,Activity_IR,4,40,0.0234,0.0104,A0023
TVOC,Activity_IR,4,40,0.0276,0.0015,A0023
HeartRate,Activity_IR,5,50,0.0565,0.0221,A0023
StressIndex,Activity_IR,5,50,0.0397,0.0209,A0023
Humidity,Activity_IR,5,50,0.0423,0.0185,A0023
CO2,Activity_IR,5,50,0.0378,0.0,A0023
TVOC,Activity_IR,5,50,0.1054,0.0,A0023
HeartRate,Activity_IR,6,60,-0.0077,0.0221,A0023
BreathRate,Activity_IR,6,60,0.017,0.0008,A0023
Temperature,Activity_IR,6,60,-0.022,0.0025,A0023
Humidity,Activity_IR,6,60,0.0051,0.0388,A0023
CO2,Activity_IR,6,60,0.0528,0.0002,A0023
TVOC,Activity_IR,6,60,0.0072,0.0001,A0023
Risk_bin,Activity_IR,6,60,0.052,0.0002,A0023
HeartRate,BreathRate,1,10,0.0957,0.0054,A0023
BreathRate,BreathRate,1,10,0.4964,0.0,A0023
CO2,BreathRate,1,10,0.0276,0.0309,A0023
TVOC,BreathRate,1,10,0.02,0.0333,A0023
HeartRate,BreathRate,2,20,0.0555,0.0427,A0023
BreathRate,BreathRate,2,20,0.1118,0.0004,A0023
StressIndex,BreathRate,2,20,-0.0389,0.0,A0023
HeartRate,BreathRate,3,30,0.0816,0.0004,A0023
Humidity,BreathRate,3,30,-0.0285,0.0367,A0023
CO2,BreathRate,3,30,-0.0117,0.017,A0023
TVOC,BreathRate,3,30,-0.0107,0.0239,A0023
HeartRate,BreathRate,4,40,-0.0027,0.0484,A0023
Temperature,BreathRate,4,40,0.0289,0.0003,A0023
Humidity,BreathRate,4,40,0.0425,0.0009,A0023
Activity_IR,BreathRate,5,50,-0.0446,0.029,A0023
HeartRate,BreathRate,5,50,0.0141,0.0379,A0023
BreathRate,BreathRate,5,50,0.0365,0.0353,A0023
CO2,BreathRate,5,50,0.0019,0.0408,A0023
TVOC,BreathRate,5,50,0.0543,0.0499,A0023
Risk_bin,BreathRate,5,50,0.0628,0.0067,A0023
BreathRate,BreathRate,6,60,0.0026,0.02,A0023
Activity_IR,CO2,1,10,0.12,0.0001,A0023
Humidity,CO2,1,10,-0.0668,0.0003,A0023
CO2,CO2,1,10,-0.0468,0.0179,A0023
TVOC,CO2,1,10,-0.081,0.005,A0023
Risk_bin,CO2,1,10,0.0225,0.0162,A0023
Humidity,CO2,2,20,-0.0558,0.0074,A0023
CO2,CO2,2,20,-0.0243,0.0014,A0023
TVOC,CO2,2,20,-0.0288,0.0027,A0023
Risk_bin,CO2,2,20,-0.0518,0.015,A0023
HeartRate,CO2,3,30,-0.0123,0.0017,A0023
StressIndex,CO2,3,30,0.001,0.0151,A0023
Humidity,CO2,3,30,0.0008,0.0264,A0023
CO2,CO2,3,30,-0.0586,0.0003,A0023
BreathRate,CO2,4,40,-0.0495,0.0005,A0023
CO2,CO2,4,40,0.0051,0.0051,A0023
TVOC,CO2,4,40,0.0581,0.0043,A0023
Activity_IR,CO2,5,50,0.0096,0.0319,A0023
StressIndex,CO2,5,50,-0.0041,0.0329,A0023
CO2,CO2,5,50,0.0001,0.0119,A0023
TVOC,CO2,5,50,0.0471,0.0162,A0023
StressIndex,CO2,6,60,-0.0023,0.0035,A0023
Humidity,CO2,6,60,0.0105,0.0414,A0023
Risk_bin,CO2,6,60,0.0703,0.0062,A0023
Activity_IR,HeartRate,1,10,0.0581,0.0008,A0023
HeartRate,HeartRate,1,10,0.4548,0.0,A0023
BreathRate,HeartRate,1,10,0.0954,0.0092,A0023
Temperature,HeartRate,1,10,-0.0354,0.0025,A0023
Risk_bin,HeartRate,1,10,-0.0283,0.0333,A0023
HeartRate,HeartRate,2,20,0.0721,0.0315,A0023
HeartRate,HeartRate,3,30,0.0932,0.0,A0023
Risk_bin,HeartRate,3,30,0.034,0.0055,A0023
HeartRate,HeartRate,4,40,0.0677,0.005,A0023
StressIndex,HeartRate,4,40,0.0177,0.0085,A0023
Risk_bin,HeartRate,4,40,-0.0233,0.0046,A0023
Activity_IR,HeartRate,5,50,-0.0359,0.006,A0023
HeartRate,HeartRate,5,50,0.0293,0.0308,A0023
StressIndex,HeartRate,5,50,0.0207,0.0344,A0023
Risk_bin,HeartRate,5,50,0.0152,0.004,A0023
StressIndex,HeartRate,6,60,0.0499,0.0008,A0023
Humidity,HeartRate,6,60,-0.0076,0.0405,A0023
CO2,HeartRate,6,60,-0.0056,0.0047,A0023
TVOC,HeartRate,6,60,-0.0262,0.0462,A0023
Risk_bin,HeartRate,6,60,0.0542,0.0186,A0023
Activity_IR,Humidity,1,10,-0.0214,0.0013,A0023
BreathRate,Humidity,1,10,0.0026,0.01,A0023
Temperature,Humidity,1,10,-0.0995,0.0005,A0023
Humidity,Humidity,1,10,0.6776,0.0,A0023
CO2,Humidity,1,10,-0.0196,0.0004,A0023
TVOC,Humidity,1,10,0.1016,0.0007,A0023
Activity_IR,Humidity,2,20,-0.0595,0.0006,A0023
BreathRate,Humidity,2,20,-0.0114,0.0485,A0023
Temperature,Humidity,2,20,-0.0515,0.0061,A0023
Humidity,Humidity,2,20,-0.0515,0.0396,A0023
TVOC,Humidity,2,20,0.0202,0.0492,A0023
Activity_IR,Humidity,3,30,-0.0712,0.0484,A0023
StressIndex,Humidity,3,30,-0.0353,0.0424,A0023
Humidity,Humidity,3,30,-0.0196,0.0123,A0023
CO2,Humidity,3,30,-0.0014,0.0269,A0023
TVOC,Humidity,3,30,-0.0108,0.0308,A0023
Activity_IR,Humidity,4,40,-0.0065,0.0001,A0023
CO2,Humidity,4,40,-0.0206,0.0005,A0023
TVOC,Humidity,4,40,-0.0181,0.0004,A0023
Activity_IR,Humidity,5,50,0.0456,0.0146,A0023
HeartRate,Humidity,5,50,-0.0492,0.0033,A0023
BreathRate,Humidity,5,50,-0.0235,0.0468,A0023
Temperature,Humidity,5,50,-0.0176,0.0421,A0023
Humidity,Humidity,5,50,0.0601,0.0195,A0023
CO2,Humidity,5,50,0.0348,0.0041,A0023
TVOC,Humidity,5,50,0.0357,0.0069,A0023
Risk_bin,Humidity,5,50,-0.035,0.0019,A0023
Activity_IR,Humidity,6,60,0.0712,0.0026,A0023
StressIndex,Humidity,6,60,0.0354,0.0289,A0023
Humidity,Humidity,6,60,0.0599,0.0018,A0023
BreathRate,Risk_bin,1,10,-0.0698,0.0178,A0023
Risk_bin,Risk_bin,1,10,0.36,0.0,A0023
Risk_bin,Risk_bin,2,20,0.0684,0.0015,A0023
StressIndex,Risk_bin,3,30,0.0346,0.0147,A0023
Risk_bin,Risk_bin,3,30,0.0236,0.0298,A0023
HeartRate,Risk_bin,4,40,0.0173,0.017,A0023
Humidity,Risk_bin,4,40,0.0066,0.0107,A0023
Risk_bin,Risk_bin,4,40,0.0419,0.0007,A0023
CO2,Risk_bin,5,50,-0.0381,0.0075,A0023
TVOC,Risk_bin,5,50,0.0009,0.001,A0023
Risk_bin,Risk_bin,5,50,0.0537,0.0002,A0023
Risk_bin,Risk_bin,6,60,-0.0407,0.0,A0023
HeartRate,StressIndex,1,10,-0.0277,0.0041,A0023
StressIndex,StressIndex,1,10,0.1406,0.0004,A0023
StressIndex,StressIndex,2,20,0.0946,0.0041,A0023
Temperature,StressIndex,2,20,-0.0165,0.0302,A0023
Activity_IR,StressIndex,3,30,0.0385,0.0284,A0023
StressIndex,StressIndex,3,30,0.0763,0.0223,A0023
Temperature,StressIndex,3,30,0.0463,0.0246,A0023
Humidity,StressIndex,3,30,0.0374,0.0458,A0023
CO2,StressIndex,3,30,-0.0012,0.04,A0023
StressIndex,StressIndex,4,40,0.0287,0.0239,A0023
Temperature,StressIndex,4,40,-0.0368,0.0151,A0023
Activity_IR,StressIndex,5,50,0.067,0.0179,A0023
TVOC,StressIndex,6,60,-0.0221,0.0121,A0023
Activity_IR,TVOC,1,10,0.1123,0.0001,A0023
Humidity,TVOC,1,10,-0.0779,0.0004,A0023
CO2,TVOC,1,10,-0.0533,0.0098,A0023
TVOC,TVOC,1,10,-0.0755,0.0059,A0023
Risk_bin,TVOC,1,10,0.0201,0.0229,A0023
Activity_IR,TVOC,2,20,0.0066,0.0417,A0023
HeartRate,TVOC,2,20,-0.0134,0.0315,A0023
Humidity,TVOC,2,20,-0.0564,0.0109,A0023
CO2,TVOC,2,20,-0.0206,0.0032,A0023
TVOC,TVOC,2,20,-0.0192,0.0074,A0023
Risk_bin,TVOC,2,20,-0.05,0.0219,A0023
HeartRate,TVOC,3,30,-0.0065,0.0001,A0023
BreathRate,TVOC,3,30,-0.0119,0.0361,A0023
StressIndex,TVOC,3,30,0.0045,0.0302,A0023
Humidity,TVOC,3,30,-0.0178,0.0251,A0023
Activity_IR,TVOC,4,40,0.0419,0.0435,A0023
HeartRate,TVOC,4,40,-0.0268,0.0285,A0023
BreathRate,TVOC,4,40,-0.0609,0.0005,A0023
CO2,TVOC,4,40,0.0012,0.0045,A0023
TVOC,TVOC,4,40,0.044,0.0037,A0023
Activity_IR,TVOC,5,50,0.0229,0.0069,A0023
StressIndex,TVOC,5,50,-0.0082,0.0271,A0023
TVOC,TVOC,5,50,0.0423,0.0404,A0023
Risk_bin,TVOC,5,50,-0.0356,0.024,A0023
StressIndex,TVOC,6,60,-0.0001,0.0137,A0023
Risk_bin,TVOC,6,60,0.0631,0.0054,A0023
Activity_IR,Temperature,1,10,0.0403,0.0,A0023
Temperature,Temperature,1,10,0.7818,0.0,A0023
Humidity,Temperature,1,10,0.2,0.0,A0023
CO2,Temperature,1,10,-0.0643,0.0122,A0023
TVOC,Temperature,1,10,0.0042,0.0306,A0023
Activity_IR,Temperature,2,20,-0.0163,0.0004,A0023
HeartRate,Temperature,2,20,0.0033,0.0327,A0023
BreathRate,Temperature,2,20,-0.0081,0.0246,A0023
Temperature,Temperature,2,20,-0.1888,0.0,A0023
Humidity,Temperature,2,20,-0.1367,0.0001,A0023
CO2,Temperature,2,20,0.1255,0.0001,A0023
TVOC,Temperature,2,20,0.1327,0.0001,A0023
Activity_IR,Temperature,3,30,-0.0416,0.0057,A0023
BreathRate,Temperature,3,30,0.0227,0.0103,A0023
StressIndex,Temperature,3,30,-0.0395,0.0309,A0023
CO2,Temperature,3,30,0.0379,0.0002,A0023
Activity_IR,Temperature,4,40,-0.0465,0.0001,A0023
StressIndex,Temperature,4,40,-0.0048,0.025,A0023
TVOC,Temperature,4,40,0.0161,0.0487,A0023
Activity_IR,Temperature,5,50,0.0756,0.0237,A0023
HeartRate,Temperature,5,50,-0.0572,0.0119,A0023
BreathRate,Temperature,5,50,0.0086,0.0005,A0023
Temperature,Temperature,5,50,-0.0338,0.0225,A0023
CO2,Temperature,5,50,0.0152,0.017,A0023
Activity_IR,Temperature,6,60,0.0635,0.0012,A0023
BreathRate,Temperature,6,60,0.0318,0.0056,A0023
Humidity,Temperature,6,60,0.0083,0.038,A0023
CO2,Temperature,6,60,0.009,0.0284,A0023
TVOC,Temperature,6,60,0.0107,0.0307,A0023
Activity_IR,Activity_IR,1,10,0.1806,0.0,A0024
HeartRate,Activity_IR,1,10,0.0381,0.0007,A0024
Temperature,Activity_IR,1,10,0.0273,0.0145,A0024
Humidity,Activity_IR,1,10,0.004,0.0084,A0024
CO2,Activity_IR,1,10,0.0876,0.0,A0024
TVOC,Activity_IR,1,10,0.0167,0.0214,A0024
Risk_bin,Activity_IR,1,10,-0.0555,0.0075,A0024
Activity_IR,Activity_IR,2,20,0.0865,0.0,A0024
HeartRate,Activity_IR,2,20,-0.0283,0.0079,A0024
Temperature,Activity_IR,2,20,-0.0042,0.0072,A0024
Humidity,Activity_IR,2,20,0.0103,0.0011,A0024
CO2,Activity_IR,2,20,-0.0114,0.0004,A0024
TVOC,Activity_IR,2,20,-0.0498,0.0046,A0024
Activity_IR,Activity_IR,3,30,0.042,0.0001,A0024
HeartRate,Activity_IR,3,30,-0.0155,0.0002,A0024
BreathRate,Activity_IR,3,30,0.0361,0.0059,A0024
Temperature,Activity_IR,3,30,0.0058,0.0076,A0024
Humidity,Activity_IR,3,30,-0.0429,0.0331,A0024
CO2,Activity_IR,3,30,-0.0096,0.0036,A0024
TVOC,Activity_IR,3,30,-0.0078,0.0004,A0024
Activity_IR,Activity_IR,4,40,0.0548,0.0001,A0024
HeartRate,Activity_IR,4,40,0.0098,0.0118,A0024
StressIndex,Activity_IR,4,40,0.0046,0.0361,A0024
Temperature,Activity_IR,4,40,0.0103,0.0319,A0024
Humidity,Activity_IR,4,40,0.006,0.0143,A0024
CO2,Activity_IR,4,40,0.0104,0.0016,A0024
TVOC,Activity_IR,4,40,-0.0389,0.0004,A0024
Risk_bin,Activity_IR,4,40,-0.0003,0.012,A0024
Activity_IR,Activity_IR,5,50,-0.0033,0.012,A0024
HeartRate,Activity_IR,5,50,-0.0231,0.0224,A0024
StressIndex,Activity_IR,5,50,-0.0212,0.0262,A0024
Temperature,Activity_IR,5,50,0.0056,0.0086,A0024
Humidity,Activity_IR,5,50,-0.0178,0.0,A0024
CO2,Activity_IR,5,50,-0.0235,0.0011,A0024
TVOC,Activity_IR,5,50,-0.0135,0.0002,A0024
HeartRate,Activity_IR,6,60,0.0175,0.0156,A0024
Temperature,Activity_IR,6,60,0.0129,0.004,A0024
Humidity,Activity_IR,6,60,-0.0189,0.0,A0024
CO2,Activity_IR,6,60,-0.0311,0.0,A0024
TVOC,Activity_IR,6,60,0.0558,0.0,A0024
Risk_bin,Activity_IR,6,60,0.0068,0.0212,A0024
HeartRate,BreathRate,1,10,0.0282,0.0109,A0024
BreathRate,BreathRate,1,10,0.5465,0.0,A0024
StressIndex,BreathRate,1,10,-0.0768,0.0,A0024
Humidity,BreathRate,1,10,0.0297,0.0047,A0024
CO2,BreathRate,1,10,-0.0004,0.0049,A0024
Activity_IR,BreathRate,2,20,0.0108,0.0074,A0024
HeartRate,BreathRate,2,20,0.0368,0.0017,A0024
BreathRate,BreathRate,2,20,0.0481,0.0,A0024
StressIndex,BreathRate,2,20,-0.0212,0.046,A0024
CO2,BreathRate,2,20,0.0122,0.008,A0024
TVOC,BreathRate,2,20,0.0046,0.0061,A0024
Risk_bin,BreathRate,2,20,-0.016,0.0092,A0024
Activity_IR,BreathRate,3,30,0.0081,0.0456,A0024
HeartRate,BreathRate,3,30,0.0096,0.0015,A0024
BreathRate,BreathRate,3,30,0.0104,0.0,A0024
CO2,BreathRate,3,30,0.0158,0.0001,A0024
TVOC,BreathRate,3,30,0.0028,0.0021,A0024
HeartRate,BreathRate,4,40,0.0064,0.0128,A0024
BreathRate,BreathRate,4,40,-0.055,0.0,A0024
StressIndex,BreathRate,4,40,0.0087,0.0471,A0024
CO2,BreathRate,4,40,0.0048,0.0062,A0024
TVOC,BreathRate,4,40,-0.0011,0.0037,A0024
Risk_bin,BreathRate,4,40,-0.0369,0.0025,A0024
HeartRate,BreathRate,5,50,0.0458,0.0,A0024
BreathRate,BreathRate,5,50,0.0117,0.0035,A0024
StressIndex,BreathRate,5,50,-0.0335,0.0,A0024
Humidity,BreathRate,5,50,0.0098,0.0466,A0024
HeartRate,BreathRate,6,60,-0.012,0.001,A0024
BreathRate,BreathRate,6,60,0.0231,0.005,A0024
StressIndex,BreathRate,6,60,0.0494,0.0,A0024
CO2,BreathRate,6,60,-0.023,0.0405,A0024
TVOC,BreathRate,6,60,-0.0217,0.0202,A0024
Risk_bin,BreathRate,6,60,0.0135,0.0241,A0024
Activity_IR,CO2,1,10,0.0322,0.0,A0024
HeartRate,CO2,1,10,0.0116,0.0232,A0024
StressIndex,CO2,1,10,0.0076,0.0082,A0024
Humidity,CO2,1,10,-0.007,0.0131,A0024
CO2,CO2,1,10,0.0253,0.003,A0024
TVOC,CO2,1,10,-0.0034,0.0086,A0024
Risk_bin,CO2,1,10,-0.0193,0.0081,A0024
Activity_IR,CO2,2,20,-0.0139,0.0031,A0024
HeartRate,CO2,2,20,0.0028,0.0276,A0024
BreathRate,CO2,2,20,0.021,0.0235,A0024
Temperature,CO2,2,20,0.0048,0.0095,A0024
Humidity,CO2,2,20,-0.006,0.0017,A0024
CO2,CO2,2,20,0.0099,0.0041,A0024
Activity_IR,CO2,3,30,-0.0018,0.0012,A0024
HeartRate,CO2,3,30,-0.0219,0.0079,A0024
StressIndex,CO2,3,30,0.0019,0.0135,A0024
Temperature,CO2,3,30,-0.0486,0.0,A0024
Humidity,CO2,3,30,0.0012,0.0064,A0024
CO2,CO2,3,30,0.0077,0.0358,A0024
Activity_IR,CO2,4,40,0.0217,0.046,A0024
BreathRate,CO2,4,40,0.0073,0.0026,A0024
StressIndex,CO2,4,40,-0.0043,0.0453,A0024
Humidity,CO2,4,40,-0.0293,0.0143,A0024
CO2,CO2,4,40,-0.0161,0.0266,A0024
TVOC,CO2,4,40,0.0007,0.0017,A0024
Activity_IR,CO2,5,50,0.0119,0.0001,A0024
HeartRate,CO2,5,50,0.0152,0.0015,A0024
BreathRate,CO2,5,50,0.0019,0.0499,A0024
StressIndex,CO2,5,50,0.0122,0.0119,A0024
Humidity,CO2,5,50,-0.0072,0.0125,A0024
CO2,CO2,5,50,0.0107,0.0003,A0024
TVOC,CO2,5,50,0.0128,0.0,A0024
StressIndex,CO2,6,60,0.0131,0.0056,A0024
Temperature,CO2,6,60,-0.0005,0.0021,A0024
Humidity,CO2,6,60,-0.0337,0.0044,A0024
CO2,CO2,6,60,0.0271,0.0002,A0024
Risk_bin,CO2,6,60,-0.0012,0.0156,A0024
Activity_IR,HeartRate,1,10,0.0424,0.0008,A0024
HeartRate,HeartRate,1,10,0.4542,0.0,A0024
BreathRate,HeartRate,1,10,0.0615,0.0,A0024
StressIndex,HeartRate,1,10,-0.0391,0.0,A0024
Temperature,HeartRate,1,10,0.0078,0.0048,A0024
Humidity,HeartRate,1,10,0.0146,0.0234,A0024
CO2,HeartRate,1,10,0.0038,0.0228,A0024
Risk_bin,HeartRate,1,10,-0.0348,0.0106,A0024
Activity_IR,HeartRate,2,20,-0.0068,0.0155,A0024
HeartRate,HeartRate,2,20,0.1245,0.0,A0024
StressIndex,HeartRate,2,20,0.0051,0.0,A0024
Temperature,HeartRate,2,20,-0.0306,0.0286,A0024
Humidity,HeartRate,2,20,-0.033,0.0055,A0024
TVOC,HeartRate,2,20,-0.0342,0.0127,A0024
Risk_bin,HeartRate,2,20,-0.0281,0.0008,A0024
Activity_IR,HeartRate,3,30,0.0151,0.0003,A0024
HeartRate,HeartRate,3,30,0.0519,0.0002,A0024
BreathRate,HeartRate,3,30,0.0033,0.0,A0024
StressIndex,HeartRate,3,30,0.0217,0.0025,A0024
Temperature,HeartRate,3,30,0.0113,0.0347,A0024
CO2,HeartRate,3,30,-0.0211,0.0002,A0024
TVOC,HeartRate,3,30,-0.0171,0.0001,A0024
Risk_bin,HeartRate,3,30,-0.0287,0.0,A0024
HeartRate,HeartRate,4,40,0.0352,0.0355,A0024
BreathRate,HeartRate,4,40,-0.0218,0.0088,A0024
StressIndex,HeartRate,4,40,-0.0448,0.0,A0024
Humidity,HeartRate,4,40,-0.0206,0.0461,A0024
Risk_bin,HeartRate,4,40,0.0022,0.0041,A0024
Activity_IR,HeartRate,5,50,-0.0068,0.03,A0024
HeartRate,HeartRate,5,50,0.0422,0.0,A0024
BreathRate,HeartRate,5,50,-0.0156,0.0052,A0024
StressIndex,HeartRate,5,50,0.0129,0.0024,A0024
Humidity,HeartRate,5,50,-0.0229,0.0427,A0024
Activity_IR,HeartRate,6,60,0.0273,0.0092,A0024
HeartRate,HeartRate,6,60,0.0287,0.0015,A0024
StressIndex,HeartRate,6,60,0.0285,0.02,A0024
Humidity,HeartRate,6,60,0.0125,0.035,A0024
CO2,HeartRate,6,60,0.0231,0.0019,A0024
TVOC,HeartRate,6,60,0.03,0.0008,A0024
Risk_bin,HeartRate,6,60,-0.0188,0.0287,A0024
Activity_IR,Humidity,1,10,-0.0402,0.0009,A0024
HeartRate,Humidity,1,10,-0.0413,0.0041,A0024
BreathRate,Humidity,1,10,-0.011,0.0081,A0024
StressIndex,Humidity,1,10,0.0015,0.0437,A0024
Temperature,Humidity,1,10,-0.0938,0.0,A0024
Humidity,Humidity,1,10,0.6869,0.0,A0024
CO2,Humidity,1,10,0.0488,0.0003,A0024
TVOC,Humidity,1,10,0.0443,0.0054,A0024
Activity_IR,Humidity,2,20,-0.0365,0.0,A0024
HeartRate,Humidity,2,20,-0.0361,0.004,A0024
StressIndex,Humidity,2,20,0.012,0.003,A0024
Humidity,Humidity,2,20,0.013,0.0005,A0024
CO2,Humidity,2,20,-0.0732,0.0,A0024
TVOC,Humidity,2,20,-0.0163,0.001,A0024
Risk_bin,Humidity,2,20,0.0336,0.0066,A0024
Activity_IR,Humidity,3,30,-0.0036,0.0465,A0024
Temperature,Humidity,3,30,-0.0371,0.0282,A0024
Humidity,Humidity,3,30,0.0213,0.003,A0024
CO2,Humidity,3,30,-0.0317,0.0012,A0024
TVOC,Humidity,3,30,-0.0045,0.0006,A0024
Activity_IR,Humidity,4,40,-0.0226,0.0027,A0024
Humidity,Humidity,4,40,0.0032,0.0058,A0024
CO2,Humidity,4,40,-0.0096,0.009,A0024
Activity_IR,Humidity,5,50,0.0077,0.0109,A0024
StressIndex,Humidity,5,50,0.0059,0.001,A0024
Humidity,Humidity,5,50,0.0262,0.0001,A0024
TVOC,Humidity,5,50,-0.0193,0.0442,A0024
Risk_bin,Humidity,5,50,0.0089,0.0072,A0024
Activity_IR,Humidity,6,60,-0.0004,0.0004,A0024
HeartRate,Humidity,6,60,-0.0149,0.0012,A0024
StressIndex,Humidity,6,60,0.0001,0.0016,A0024
Temperature,Humidity,6,60,-0.0061,0.0001,A0024
Humidity,Humidity,6,60,-0.0036,0.002,A0024
Risk_bin,Humidity,6,60,0.0054,0.0032,A0024
Activity_IR,Risk_bin,1,10,0.0045,0.0,A0024
HeartRate,Risk_bin,1,10,-0.041,0.0068,A0024
BreathRate,Risk_bin,1,10,0.0299,0.0104,A0024
Humidity,Risk_bin,1,10,0.0083,0.0458,A0024
CO2,Risk_bin,1,10,-0.025,0.0324,A0024
TVOC,Risk_bin,1,10,-0.014,0.002,A0024
Risk_bin,Risk_bin,1,10,0.3353,0.0,A0024
Activity_IR,Risk_bin,2,20,-0.0308,0.0042,A0024
HeartRate,Risk_bin,2,20,-0.0093,0.0335,A0024
BreathRate,Risk_bin,2,20,0.0154,0.0435,A0024
Temperature,Risk_bin,2,20,-0.0052,0.0236,A0024
Humidity,Risk_bin,2,20,0.0514,0.0,A0024
Risk_bin,Risk_bin,2,20,0.1431,0.0,A0024
Activity_IR,Risk_bin,3,30,-0.044,0.0063,A0024
HeartRate,Risk_bin,3,30,-0.0303,0.0006,A0024
BreathRate,Risk_bin,3,30,-0.0069,0.0019,A0024
StressIndex,Risk_bin,3,30,-0.0254,0.0117,A0024
Risk_bin,Risk_bin,3,30,0.088,0.0,A0024
BreathRate,Risk_bin,4,40,0.0011,0.0125,A0024
StressIndex,Risk_bin,4,40,0.0063,0.038,A0024
CO2,Risk_bin,4,40,0.0276,0.0003,A0024
TVOC,Risk_bin,4,40,0.0368,0.0,A0024
Risk_bin,Risk_bin,4,40,0.003,0.0181,A0024
HeartRate,Risk_bin,5,50,0.0124,0.0042,A0024
BreathRate,Risk_bin,5,50,0.0013,0.0057,A0024
Risk_bin,Risk_bin,5,50,0.05,0.0012,A0024
Activity_IR,Risk_bin,6,60,-0.017,0.0388,A0024
Temperature,Risk_bin,6,60,-0.0187,0.0394,A0024
Risk_bin,Risk_bin,6,60,0.0351,0.0065,A0024
HeartRate,StressIndex,1,10,-0.0684,0.0,A0024
BreathRate,StressIndex,1,10,0.0072,0.0,A0024
StressIndex,StressIndex,1,10,0.1481,0.0,A0024
Temperature,StressIndex,1,10,-0.0251,0.0143,A0024
CO2,StressIndex,1,10,0.0108,0.0121,A0024
TVOC,StressIndex,1,10,0.0359,0.0037,A0024
Activity_IR,StressIndex,2,20,-0.0111,0.0308,A0024
HeartRate,StressIndex,2,20,-0.0319,0.0036,A0024
BreathRate,StressIndex,2,20,-0.0301,0.0,A0024
StressIndex,StressIndex,2,20,0.0692,0.0003,A0024
Humidity,StressIndex,2,20,0.0168,0.0318,A0024
CO2,StressIndex,2,20,0.0383,0.0017,A0024
TVOC,StressIndex,2,20,0.0206,0.0268,A0024
Activity_IR,StressIndex,3,30,-0.0083,0.0455,A0024
HeartRate,StressIndex,3,30,-0.0248,0.0084,A0024
BreathRate,StressIndex,3,30,0.0219,0.0008,A0024
StressIndex,StressIndex,3,30,0.0252,0.0183,A0024
Temperature,StressIndex,3,30,-0.0295,0.002,A0024
Humidity,StressIndex,3,30,-0.0015,0.0314,A0024
CO2,StressIndex,3,30,0.0263,0.005,A0024
TVOC,StressIndex,3,30,0.022,0.0198,A0024
Activity_IR,StressIndex,4,40,0.0008,0.0056,A0024
HeartRate,StressIndex,4,40,-0.0171,0.0034,A0024
BreathRate,StressIndex,4,40,0.0024,0.022,A0024
StressIndex,StressIndex,4,40,0.072,0.0,A0024
Risk_bin,StressIndex,4,40,-0.0027,0.0024,A0024
Activity_IR,StressIndex,5,50,-0.0159,0.0057,A0024
HeartRate,StressIndex,5,50,0.006,0.0043,A0024
StressIndex,StressIndex,5,50,0.0569,0.0,A0024
Temperature,StressIndex,5,50,-0.0089,0.0408,A0024
Humidity,StressIndex,5,50,0.0127,0.0218,A0024
Activity_IR,StressIndex,6,60,-0.0001,0.0141,A0024
HeartRate,StressIndex,6,60,-0.0271,0.0,A0024
BreathRate,StressIndex,6,60,-0.0051,0.0093,A0024
StressIndex,StressIndex,6,60,0.0301,0.0068,A0024
Temperature,StressIndex,6,60,0.0217,0.0,A0024
TVOC,StressIndex,6,60,0.021,0.0014,A0024
Activity_IR,TVOC,1,10,0.0383,0.0,A0024
HeartRate,TVOC,1,10,0.0029,0.0497,A0024
StressIndex,TVOC,1,10,-0.0023,0.0125,A0024
Humidity,TVOC,1,10,0.0017,0.0161,A0024
CO2,TVOC,1,10,0.008,0.0145,A0024
Risk_bin,TVOC,1,10,-0.0132,0.0136,A0024
Activity_IR,TVOC,2,20,-0.0194,0.0002,A0024
BreathRate,TVOC,2,20,0.0271,0.024,A0024
Temperature,TVOC,2,20,-0.002,0.0137,A0024
Humidity,TVOC,2,20,-0.0095,0.0006,A0024
CO2,TVOC,2,20,-0.0056,0.0082,A0024
Activity_IR,TVOC,3,30,-0.0035,0.0,A0024
HeartRate,TVOC,3,30,-0.0161,0.0123,A0024
BreathRate,TVOC,3,30,-0.0197,0.0467,A0024
StressIndex,TVOC,3,30,0.0085,0.019,A0024
Temperature,TVOC,3,30,-0.0445,0.0,A0024
Humidity,TVOC,3,30,-0.0059,0.0171,A0024
CO2,TVOC,3,30,0.0018,0.0028,A0024
TVOC,TVOC,3,30,-0.0338,0.0172,A0024
BreathRate,TVOC,4,40,0.0108,0.0001,A0024
StressIndex,TVOC,4,40,0.0039,0.0275,A0024
Humidity,TVOC,4,40,-0.0262,0.0036,A0024
CO2,TVOC,4,40,-0.0279,0.0201,A0024
TVOC,TVOC,4,40,-0.012,0.0056,A0024
Risk_bin,TVOC,4,40,0.0171,0.0216,A0024
Activity_IR,TVOC,5,50,-0.0025,0.0,A0024
HeartRate,TVOC,5,50,0.0101,0.0007,A0024
BreathRate,TVOC,5,50,0.0049,0.0161,A0024
StressIndex,TVOC,5,50,0.007,0.0169,A0024
Humidity,TVOC,5,50,-0.0094,0.0042,A0024
CO2,TVOC,5,50,0.0158,0.0001,A0024
TVOC,TVOC,5,50,-0.0208,0.0018,A0024
Activity_IR,TVOC,6,60,-0.0361,0.0148,A0024
StressIndex,TVOC,6,60,0.0076,0.0021,A0024
Temperature,TVOC,6,60,0.0083,0.0126,A0024
Humidity,TVOC,6,60,-0.0192,0.0005,A0024
CO2,TVOC,6,60,0.0179,0.0014,A0024
Risk_bin,TVOC,6,60,0.0007,0.0178,A0024
Activity_IR,Temperature,1,10,0.0226,0.0008,A0024
BreathRate,Temperature,1,10,0.0079,0.0437,A0024
Temperature,Temperature,1,10,0.7682,0.0,A0024
Humidity,Temperature,1,10,0.1924,0.0,A0024
CO2,Temperature,1,10,0.1033,0.0,A0024
TVOC,Temperature,1,10,0.0464,0.0,A0024
Activity_IR,Temperature,2,20,-0.1007,0.0001,A0024
HeartRate,Temperature,2,20,-0.05,0.0049,A0024
Temperature,Temperature,2,20,-0.1782,0.0,A0024
Humidity,Temperature,2,20,0.0281,0.0075,A0024
CO2,Temperature,2,20,-0.0367,0.0014,A0024
TVOC,Temperature,2,20,-0.0254,0.003,A0024
Risk_bin,Temperature,2,20,0.0054,0.0101,A0024
Activity_IR,Temperature,3,30,-0.0011,0.02,A0024
BreathRate,Temperature,3,30,0.0152,0.0313,A0024
StressIndex,Temperature,3,30,0.0223,0.0188,A0024
Temperature,Temperature,3,30,0.0136,0.0093,A0024
Humidity,Temperature,3,30,0.0141,0.0041,A0024
CO2,Temperature,3,30,-0.0306,0.0167,A0024
TVOC,Temperature,3,30,-0.0229,0.0126,A0024
Activity_IR,Temperature,4,40,0.0294,0.0,A0024
HeartRate,Temperature,4,40,0.0009,0.0192,A0024
StressIndex,Temperature,4,40,0.0221,0.0218,A0024
Temperature,Temperature,4,40,-0.0223,0.0259,A0024
Humidity,Temperature,4,40,0.0218,0.0486,A0024
CO2,Temperature,4,40,-0.0194,0.0066,A0024
TVOC,Temperature,4,40,-0.0145,0.004,A0024
Activity_IR,Temperature,5,50,-0.0184,0.0001,A0024
Humidity,Temperature,5,50,0.0381,0.0222,A0024
Risk_bin,Temperature,5,50,0.0319,0.0205,A0024
Activity_IR,Temperature,6,60,0.0034,0.0401,A0024
HeartRate,Temperature,6,60,0.0153,0.01,A0024
Humidity,Temperature,6,60,0.011,0.0042,A0024
Risk_bin,Temperature,6,60,-0.0053,0.0221,A0024
Activity_IR,Activity_IR,1,10,0.3211,0.0,A0025
StressIndex,Activity_IR,1,10,0.0141,0.0368,A0025
CO2,Activity_IR,1,10,-0.0361,0.0,A0025
TVOC,Activity_IR,1,10,-0.0366,0.0004,A0025
Activity_IR,Activity_IR,2,20,0.0614,0.0,A0025
Temperature,Activity_IR,2,20,0.0127,0.0191,A0025
Activity_IR,Activity_IR,3,30,0.0487,0.0,A0025
StressIndex,Activity_IR,3,30,0.033,0.0005,A0025
Temperature,Activity_IR,3,30,-0.0056,0.0016,A0025
Humidity,Activity_IR,3,30,-0.0176,0.0088,A0025
CO2,Activity_IR,3,30,-0.0235,0.0109,A0025
TVOC,Activity_IR,3,30,-0.0259,0.0401,A0025
Activity_IR,Activity_IR,4,40,0.0253,0.0452,A0025
Temperature,Activity_IR,4,40,0.0021,0.0146,A0025
Humidity,Activity_IR,4,40,0.0108,0.0451,A0025
TVOC,Activity_IR,4,40,-0.0186,0.0272,A0025
Activity_IR,Activity_IR,5,50,0.0239,0.0285,A0025
Humidity,Activity_IR,5,50,-0.0063,0.0369,A0025
BreathRate,Activity_IR,6,60,0.0138,0.0102,A0025
Temperature,Activity_IR,6,60,0.0281,0.0195,A0025
Humidity,Activity_IR,6,60,0.0082,0.0083,A0025
CO2,Activity_IR,6,60,-0.0045,0.0238,A0025
TVOC,Activity_IR,6,60,0.0257,0.015,A0025
HeartRate,BreathRate,1,10,0.067,0.0003,A0025
BreathRate,BreathRate,1,10,0.4402,0.0,A0025
StressIndex,BreathRate,1,10,0.0052,0.0435,A0025
TVOC,BreathRate,1,10,0.0242,0.0426,A0025
HeartRate,BreathRate,2,20,0.0139,0.0334,A0025
BreathRate,BreathRate,2,20,0.0702,0.0027,A0025
StressIndex,BreathRate,2,20,-0.0239,0.0,A0025
TVOC,BreathRate,2,20,-0.0044,0.0479,A0025
Risk_bin,BreathRate,2,20,-0.0577,0.0,A0025
Activity_IR,BreathRate,3,30,-0.005,0.0042,A0025
HeartRate,BreathRate,3,30,0.0139,0.0173,A0025
BreathRate,BreathRate,3,30,0.0908,0.0,A0025
Temperature,BreathRate,3,30,-0.0385,0.0097,A0025
Humidity,BreathRate,3,30,-0.0046,0.0184,A0025
Risk_bin,BreathRate,3,30,0.0199,0.0033,A0025
BreathRate,BreathRate,4,40,0.0167,0.0013,A0025
Risk_bin,BreathRate,4,40,0.0242,0.0177,A0025
Activity_IR,BreathRate,5,50,0.0097,0.0116,A0025
BreathRate,BreathRate,5,50,0.0259,0.0003,A0025
StressIndex,BreathRate,5,50,-0.0013,0.0002,A0025
Humidity,BreathRate,5,50,0.0215,0.0194,A0025
Risk_bin,BreathRate,5,50,-0.024,0.0004,A0025
HeartRate,BreathRate,6,60,-0.0065,0.0002,A0025
BreathRate,BreathRate,6,60,0.0035,0.0013,A0025
StressIndex,BreathRate,6,60,0.007,0.0123,A0025
Activity_IR,CO2,1,10,0.0845,0.0,A0025
BreathRate,CO2,1,10,-0.0258,0.0028,A0025
Temperature,CO2,1,10,-0.0506,0.001,A0025
Humidity,CO2,1,10,-0.0466,0.0007,A0025
CO2,CO2,1,10,0.0527,0.0,A0025
TVOC,CO2,1,10,-0.0366,0.0,A0025
Risk_bin,CO2,1,10,0.0014,0.0328,A0025
Activity_IR,CO2,2,20,-0.0176,0.01,A0025
HeartRate,CO2,2,20,0.0246,0.0108,A0025
BreathRate,CO2,2,20,0.0311,0.0309,A0025
StressIndex,CO2,2,20,0.0223,0.0486,A0025
Temperature,CO2,2,20,-0.0398,0.0097,A0025
Humidity,CO2,2,20,-0.0093,0.0017,A0025
CO2,CO2,2,20,0.0467,0.0,A0025
TVOC,CO2,2,20,-0.0376,0.0001,A0025
BreathRate,CO2,3,30,-0.0065,0.0399,A0025
StressIndex,CO2,3,30,-0.0115,0.024,A0025
Temperature,CO2,3,30,-0.033,0.0008,A0025
Humidity,CO2,3,30,-0.0462,0.0027,A0025
CO2,CO2,3,30,0.029,0.0092,A0025
TVOC,CO2,3,30,-0.0254,0.0147,A0025
Risk_bin,CO2,3,30,0.0149,0.026,A0025
Activity_IR,CO2,4,40,-0.0126,0.0034,A0025
BreathRate,CO2,4,40,0.0197,0.0225,A0025
StressIndex,CO2,4,40,-0.0275,0.0367,A0025
Temperature,CO2,4,40,-0.0397,0.0002,A0025
CO2,CO2,4,40,-0.0018,0.0026,A0025
TVOC,CO2,4,40,0.0091,0.0018,A0025
Activity_IR,CO2,5,50,-0.0018,0.0184,A0025
Temperature,CO2,5,50,-0.0068,0.0124,A0025
Humidity,CO2,5,50,0.0055,0.0358,A0025
CO2,CO2,5,50,0.0112,0.0241,A0025
TVOC,CO2,5,50,0.0004,0.0004,A0025
Activity_IR,CO2,6,60,-0.0278,0.0221,A0025
BreathRate,CO2,6,60,0.0218,0.0346,A0025
Temperature,CO2,6,60,-0.0149,0.0,A0025
Humidity,CO2,6,60,0.0114,0.0058,A0025
HeartRate,HeartRate,1,10,0.4037,0.0,A0025
BreathRate,HeartRate,1,10,0.0236,0.0155,A0025
StressIndex,HeartRate,1,10,-0.0207,0.0366,A0025
Humidity,HeartRate,1,10,-0.01,0.0481,A0025
HeartRate,HeartRate,2,20,0.1245,0.0,A0025
BreathRate,HeartRate,2,20,0.01,0.0262,A0025
StressIndex,HeartRate,2,20,-0.0157,0.0446,A0025
Temperature,HeartRate,2,20,-0.0209,0.0215,A0025
Humidity,HeartRate,2,20,0.0054,0.0251,A0025
Risk_bin,HeartRate,2,20,0.0021,0.0488,A0025
Activity_IR,HeartRate,3,30,-0.0029,0.0171,A0025
HeartRate,HeartRate,3,30,0.0859,0.0001,A0025
Humidity,HeartRate,3,30,-0.0163,0.0218,A0025
Activity_IR,HeartRate,4,40,-0.0171,0.0102,A0025
HeartRate,HeartRate,4,40,-0.005,0.0207,A0025
Temperature,HeartRate,4,40,-0.0167,0.0234,A0025
Risk_bin,HeartRate,4,40,-0.0354,0.0069,A0025
StressIndex,HeartRate,5,50,0.0011,0.0353,A0025
Humidity,HeartRate,5,50,-0.0032,0.0158,A0025
HeartRate,HeartRate,6,60,0.0139,0.0285,A0025
BreathRate,HeartRate,6,60,-0.0095,0.0306,A0025
StressIndex,HeartRate,6,60,-0.0049,0.0355,A0025
Temperature,HeartRate,6,60,-0.0226,0.0029,A0025
Humidity,HeartRate,6,60,0.0017,0.0274,A0025
CO2,HeartRate,6,60,-0.0111,0.0107,A0025
TVOC,HeartRate,6,60,-0.0071,0.0034,A0025
Risk_bin,HeartRate,6,60,0.0066,0.0186,A0025
StressIndex,Humidity,1,10,0.0199,0.0391,A0025
Temperature,Humidity,1,10,-0.0553,0.0,A0025
Humidity,Humidity,1,10,0.7361,0.0,A0025
CO2,Humidity,1,10,0.101,0.0,A0025
TVOC,Humidity,1,10,-0.0184,0.0317,A0025
Activity_IR,Humidity,2,20,-0.0218,0.0227,A0025
StressIndex,Humidity,2,20,-0.0058,0.025,A0025
Temperature,Humidity,2,20,0.0382,0.0,A0025
Humidity,Humidity,2,20,-0.0741,0.0001,A0025
CO2,Humidity,2,20,0.0008,0.0099,A0025
TVOC,Humidity,2,20,-0.0297,0.0058,A0025
Activity_IR,Humidity,3,30,-0.0127,0.0417,A0025
HeartRate,Humidity,3,30,-0.0116,0.0051,A0025
StressIndex,Humidity,3,30,0.0109,0.037,A0025
Temperature,Humidity,3,30,-0.0094,0.0,A0025
Humidity,Humidity,3,30,-0.019,0.0004,A0025
CO2,Humidity,3,30,0.0004,0.003,A0025
Temperature,Humidity,4,40,0.0082,0.0026,A0025
Humidity,Humidity,4,40,-0.0105,0.0025,A0025
Activity_IR,Humidity,5,50,-0.008,0.0084,A0025
StressIndex,Humidity,5,50,-0.0036,0.0382,A0025
Temperature,Humidity,5,50,-0.0391,0.0049,A0025
Humidity,Humidity,5,50,0.0425,0.0,A0025
CO2,Humidity,5,50,-0.0145,0.0485,A0025
Activity_IR,Humidity,6,60,0.0113,0.0286,A0025
StressIndex,Humidity,6,60,-0.002,0.0187,A0025
Humidity,Humidity,6,60,-0.0027,0.0039,A0025
CO2,Humidity,6,60,-0.0236,0.0131,A0025
TVOC,Humidity,6,60,-0.0108,0.0082,A0025
HeartRate,Risk_bin,1,10,-0.0283,0.0334,A0025
BreathRate,Risk_bin,1,10,-0.0458,0.0188,A0025
CO2,Risk_bin,1,10,0.0096,0.0409,A0025
TVOC,Risk_bin,1,10,0.024,0.029,A0025
Risk_bin,Risk_bin,1,10,0.4854,0.0,A0025
StressIndex,Risk_bin,2,20,0.0208,0.0003,A0025
CO2,Risk_bin,2,20,-0.0011,0.025,A0025
TVOC,Risk_bin,2,20,0.0,0.0192,A0025
Risk_bin,Risk_bin,2,20,0.1142,0.0,A0025
HeartRate,Risk_bin,3,30,-0.0119,0.0217,A0025
Risk_bin,Risk_bin,3,30,0.0204,0.0,A0025
Activity_IR,Risk_bin,4,40,0.003,0.0486,A0025
HeartRate,Risk_bin,4,40,-0.0065,0.0263,A0025
StressIndex,Risk_bin,4,40,-0.0041,0.02,A0025
Temperature,Risk_bin,4,40,0.0031,0.0169,A0025
Humidity,Risk_bin,4,40,-0.0092,0.0014,A0025
CO2,Risk_bin,4,40,-0.0174,0.0383,A0025
TVOC,Risk_bin,4,40,-0.0182,0.0367,A0025
Risk_bin,Risk_bin,4,40,0.0001,0.0002,A0025
BreathRate,Risk_bin,5,50,0.0371,0.0071,A0025
StressIndex,Risk_bin,5,50,-0.0169,0.0367,A0025
Humidity,Risk_bin,5,50,0.0145,0.009,A0025
CO2,Risk_bin,5,50,0.0067,0.0429,A0025
TVOC,Risk_bin,5,50,0.0092,0.0246,A0025
Risk_bin,Risk_bin,5,50,0.02,0.0049,A0025
Temperature,Risk_bin,6,60,0.003,0.0371,A0025
Humidity,Risk_bin,6,60,-0.0181,0.0102,A0025
Risk_bin,Risk_bin,6,60,0.0449,0.0006,A0025
HeartRate,StressIndex,1,10,-0.0756,0.0012,A0025
BreathRate,StressIndex,1,10,-0.0169,0.0011,A0025
StressIndex,StressIndex,1,10,0.2654,0.0,A0025
Risk_bin,StressIndex,1,10,0.0118,0.0131,A0025
Activity_IR,StressIndex,2,20,0.0014,0.0494,A0025
StressIndex,StressIndex,2,20,0.1254,0.0,A0025
Temperature,StressIndex,2,20,-0.008,0.0489,A0025
CO2,StressIndex,2,20,0.0033,0.0392,A0025
TVOC,StressIndex,2,20,0.0015,0.0161,A0025
HeartRate,StressIndex,3,30,0.0027,0.0196,A0025
BreathRate,StressIndex,3,30,-0.0001,0.0132,A0025
StressIndex,StressIndex,3,30,0.075,0.0001,A0025
Humidity,StressIndex,3,30,-0.0073,0.0305,A0025
CO2,StressIndex,3,30,-0.0008,0.0446,A0025
TVOC,StressIndex,3,30,0.0016,0.0346,A0025
HeartRate,StressIndex,4,40,0.0383,0.0,A0025
StressIndex,StressIndex,4,40,0.0587,0.0002,A0025
CO2,StressIndex,4,40,0.0128,0.0408,A0025
Activity_IR,StressIndex,5,50,-0.0078,0.0427,A0025
HeartRate,StressIndex,5,50,-0.0243,0.0,A0025
BreathRate,StressIndex,5,50,-0.0046,0.0028,A0025
StressIndex,StressIndex,5,50,0.038,0.0063,A0025
Temperature,StressIndex,5,50,0.0146,0.0204,A0025
Humidity,StressIndex,5,50,-0.0145,0.0039,A0025
CO2,StressIndex,5,50,0.0026,0.0346,A0025
Risk_bin,StressIndex,5,50,0.0028,0.0159,A0025
Activity_IR,StressIndex,6,60,0.0139,0.0071,A0025
HeartRate,StressIndex,6,60,0.0298,0.0005,A0025
StressIndex,StressIndex,6,60,0.0241,0.0184,A0025
Humidity,StressIndex,6,60,-0.0136,0.0202,A0025
Risk_bin,StressIndex,6,60,-0.0118,0.0333,A0025
Activity_IR,TVOC,1,10,0.0797,0.0,A0025
HeartRate,TVOC,1,10,-0.0013,0.0498,A0025
BreathRate,TVOC,1,10,-0.0295,0.0002,A0025
StressIndex,TVOC,1,10,0.018,0.0372,A0025
Temperature,TVOC,1,10,-0.0521,0.0008,A0025
Humidity,TVOC,1,10,-0.0428,0.0009,A0025
CO2,TVOC,1,10,0.0504,0.0,A0025
TVOC,TVOC,1,10,-0.0347,0.0,A0025
Risk_bin,TVOC,1,10,0.0018,0.0398,A0025
Activity_IR,TVOC,2,20,-0.0133,0.005,A0025
HeartRate,TVOC,2,20,0.0265,0.0063,A0025
BreathRate,TVOC,2,20,0.033,0.0473,A0025
StressIndex,TVOC,2,20,0.0215,0.0347,A0025
Temperature,TVOC,2,20,-0.0366,0.0071,A0025
Humidity,TVOC,2,20,-0.0009,0.0015,A0025
CO2,TVOC,2,20,0.031,0.0,A0025
TVOC,TVOC,2,20,-0.0383,0.0001,A0025
HeartRate,TVOC,3,30,-0.0115,0.0201,A0025
BreathRate,TVOC,3,30,-0.0069,0.0155,A0025
StressIndex,TVOC,3,30,-0.0121,0.0226,A0025
Temperature,TVOC,3,30,-0.0291,0.0023,A0025
Humidity,TVOC,3,30,-0.0431,0.004,A0025
CO2,TVOC,3,30,0.026,0.0172,A0025
TVOC,TVOC,3,30,-0.0151,0.0172,A0025
Risk_bin,TVOC,3,30,0.0152,0.0211,A0025
Activity_IR,TVOC,4,40,-0.0168,0.0032,A0025
BreathRate,TVOC,4,40,0.0163,0.0168,A0025
StressIndex,TVOC,4,40,-0.028,0.0269,A0025
Temperature,TVOC,4,40,-0.0344,0.0064,A0025
Humidity,TVOC,4,40,-0.0275,0.0094,A0025
CO2,TVOC,4,40,-0.0087,0.0079,A0025
TVOC,TVOC,4,40,0.0033,0.005,A0025
Activity_IR,TVOC,5,50,-0.0035,0.0123,A0025
Temperature,TVOC,5,50,-0.0059,0.0392,A0025
Humidity,TVOC,5,50,0.0123,0.0308,A0025
CO2,TVOC,5,50,0.0086,0.0157,A0025
TVOC,TVOC,5,50,0.005,0.0004,A0025
Activity_IR,TVOC,6,60,-0.0202,0.0433,A0025
BreathRate,TVOC,6,60,0.0238,0.0119,A0025
Temperature,TVOC,6,60,-0.0179,0.0,A0025
Humidity,TVOC,6,60,0.0132,0.0006,A0025
Activity_IR,Temperature,1,10,0.0237,0.0014,A0025
BreathRate,Temperature,1,10,-0.0181,0.0372,A0025
StressIndex,Temperature,1,10,0.0151,0.0221,A0025
Temperature,Temperature,1,10,0.7465,0.0,A0025
Humidity,Temperature,1,10,0.1325,0.0,A0025
CO2,Temperature,1,10,0.0574,0.0001,A0025
TVOC,Temperature,1,10,0.0556,0.0001,A0025
Activity_IR,Temperature,2,20,-0.0145,0.0007,A0025
BreathRate,Temperature,2,20,-0.0147,0.0315,A0025
StressIndex,Temperature,2,20,0.0055,0.0248,A0025
Temperature,Temperature,2,20,-0.1291,0.0,A0025
Humidity,Temperature,2,20,-0.0383,0.0,A0025
CO2,Temperature,2,20,0.0229,0.001,A0025
TVOC,Temperature,2,20,0.0245,0.0121,A0025
Risk_bin,Temperature,2,20,-0.0002,0.0315,A0025
HeartRate,Temperature,3,30,0.0009,0.0102,A0025
BreathRate,Temperature,3,30,0.0106,0.0318,A0025
StressIndex,Temperature,3,30,0.005,0.0369,A0025
Temperature,Temperature,3,30,-0.021,0.0013,A0025
Humidity,Temperature,3,30,-0.0167,0.0,A0025
CO2,Temperature,3,30,0.0233,0.0039,A0025
TVOC,Temperature,3,30,0.0192,0.0069,A0025
Risk_bin,Temperature,3,30,-0.006,0.0386,A0025
BreathRate,Temperature,4,40,-0.0009,0.046,A0025
StressIndex,Temperature,4,40,-0.0058,0.0449,A0025
Temperature,Temperature,4,40,0.0048,0.0,A0025
Humidity,Temperature,4,40,-0.009,0.0001,A0025
CO2,Temperature,4,40,0.0223,0.0257,A0025
TVOC,Temperature,4,40,0.023,0.0256,A0025
Risk_bin,Temperature,4,40,0.0038,0.0462,A0025
HeartRate,Temperature,5,50,0.0049,0.0236,A0025
StressIndex,Temperature,5,50,-0.0038,0.0263,A0025
Humidity,Temperature,5,50,0.015,0.0051,A0025
CO2,Temperature,5,50,-0.0033,0.006,A0025
TVOC,Temperature,5,50,-0.0022,0.0252,A0025
HeartRate,Temperature,6,60,0.0192,0.0206,A0025
StressIndex,Temperature,6,60,0.0259,0.0004,A0025
Temperature,Temperature,6,60,-0.0248,0.0022,A0025
Humidity,Temperature,6,60,0.0041,0.0099,A0025
CO2,Temperature,6,60,0.0193,0.0424,A0025
TVOC,Temperature,6,60,-0.0042,0.0028,A0025
Risk_bin,Temperature,6,60,-0.0373,0.007,A0025
Activity_IR,Activity_IR,1,10,0.404,0.0,A0026
Humidity,Activity_IR,1,10,-0.0426,0.0167,A0026
CO2,Activity_IR,1,10,0.0077,0.0435,A0026
TVOC,Activity_IR,1,10,0.0092,0.0468,A0026
Risk_bin,Activity_IR,1,10,-0.0537,0.0308,A0026
Activity_IR,Activity_IR,2,20,0.0664,0.0003,A0026
HeartRate,Activity_IR,2,20,0.017,0.0408,A0026
BreathRate,Activity_IR,2,20,-0.0218,0.0458,A0026
StressIndex,Activity_IR,2,20,0.0003,0.035,A0026
Temperature,Activity_IR,2,20,0.0067,0.0012,A0026
CO2,Activity_IR,2,20,0.0271,0.0007,A0026
TVOC,Activity_IR,2,20,0.0022,0.0003,A0026
HeartRate,Activity_IR,3,30,-0.0123,0.0071,A0026
Temperature,Activity_IR,3,30,0.0369,0.0019,A0026
Humidity,Activity_IR,3,30,0.0022,0.01,A0026
Risk_bin,Activity_IR,3,30,-0.0306,0.0109,A0026
BreathRate,Activity_IR,4,40,-0.0065,0.0002,A0026
StressIndex,Activity_IR,4,40,0.0233,0.0267,A0026
Temperature,Activity_IR,4,40,0.0384,0.0335,A0026
Humidity,Activity_IR,4,40,0.0137,0.0057,A0026
CO2,Activity_IR,4,40,-0.0187,0.0114,A0026
TVOC,Activity_IR,4,40,-0.0177,0.003,A0026
BreathRate,Activity_IR,5,50,-0.0125,0.0236,A0026
StressIndex,Activity_IR,5,50,0.0093,0.0021,A0026
Humidity,Activity_IR,5,50,0.0148,0.0249,A0026
CO2,Activity_IR,5,50,0.0321,0.0093,A0026
TVOC,Activity_IR,5,50,0.014,0.0091,A0026
Risk_bin,Activity_IR,5,50,-0.0207,0.0116,A0026
HeartRate,Activity_IR,6,60,0.0254,0.0253,A0026
BreathRate,Activity_IR,6,60,0.0153,0.0405,A0026
StressIndex,Activity_IR,6,60,0.003,0.0318,A0026
Risk_bin,Activity_IR,6,60,0.016,0.0289,A0026
HeartRate,BreathRate,1,10,0.0485,0.0035,A0026
BreathRate,BreathRate,1,10,0.4947,0.0,A0026
StressIndex,BreathRate,1,10,-0.0566,0.0001,A0026
TVOC,BreathRate,1,10,-0.0084,0.0398,A0026
Risk_bin,BreathRate,1,10,-0.0021,0.0017,A0026
BreathRate,BreathRate,2,20,0.0274,0.0162,A0026
StressIndex,BreathRate,2,20,-0.0289,0.0061,A0026
Risk_bin,BreathRate,2,20,0.0106,0.0444,A0026
Activity_IR,BreathRate,3,30,0.0046,0.0105,A0026
HeartRate,BreathRate,3,30,0.0156,0.0344,A0026
BreathRate,BreathRate,3,30,0.0546,0.0,A0026
StressIndex,BreathRate,3,30,-0.0136,0.0224,A0026
Activity_IR,BreathRate,4,40,0.0018,0.0342,A0026
BreathRate,BreathRate,4,40,0.0421,0.0,A0026
StressIndex,BreathRate,4,40,0.0396,0.0294,A0026
CO2,BreathRate,4,40,0.0114,0.0308,A0026
TVOC,BreathRate,4,40,-0.015,0.0409,A0026
Risk_bin,BreathRate,4,40,0.0013,0.042,A0026
BreathRate,BreathRate,5,50,0.0389,0.0,A0026
StressIndex,BreathRate,5,50,-0.0149,0.0335,A0026
Humidity,BreathRate,5,50,-0.0185,0.0301,A0026
CO2,BreathRate,5,50,0.0069,0.0394,A0026
TVOC,BreathRate,5,50,0.0021,0.0346,A0026
Risk_bin,BreathRate,5,50,-0.0123,0.0073,A0026
HeartRate,BreathRate,6,60,0.008,0.0198,A0026
BreathRate,BreathRate,6,60,0.0116,0.0054,A0026
Humidity,BreathRate,6,60,0.0045,0.0348,A0026
CO2,BreathRate,6,60,0.0045,0.0466,A0026
Risk_bin,BreathRate,6,60,0.0102,0.031,A0026
Activity_IR,CO2,1,10,0.04,0.0007,A0026
HeartRate,CO2,1,10,0.0044,0.0001,A0026
Temperature,CO2,1,10,0.0516,0.0047,A0026
Humidity,CO2,1,10,-0.0224,0.005,A0026
CO2,CO2,1,10,0.1171,0.0001,A0026
TVOC,CO2,1,10,-0.0737,0.0001,A0026
Risk_bin,CO2,1,10,-0.0392,0.012,A0026
Activity_IR,CO2,2,20,0.0119,0.0433,A0026
HeartRate,CO2,2,20,0.0254,0.0054,A0026
StressIndex,CO2,2,20,0.0063,0.0259,A0026
Temperature,CO2,2,20,0.0439,0.0431,A0026
CO2,CO2,2,20,0.02,0.0222,A0026
TVOC,CO2,2,20,-0.0114,0.011,A0026
Risk_bin,CO2,2,20,-0.0432,0.0016,A0026
HeartRate,CO2,3,30,-0.0017,0.0372,A0026
BreathRate,CO2,3,30,0.043,0.0007,A0026
StressIndex,CO2,3,30,0.0005,0.0243,A0026
Risk_bin,CO2,3,30,-0.0559,0.0003,A0026
Activity_IR,CO2,4,40,-0.0083,0.0024,A0026
Temperature,CO2,4,40,0.0288,0.0186,A0026
HeartRate,CO2,5,50,-0.0059,0.0105,A0026
CO2,CO2,5,50,0.0242,0.0401,A0026
Risk_bin,CO2,5,50,0.0074,0.022,A0026
HeartRate,CO2,6,60,0.0219,0.0033,A0026
BreathRate,CO2,6,60,-0.0077,0.0385,A0026
StressIndex,CO2,6,60,0.0154,0.0051,A0026
CO2,CO2,6,60,-0.0105,0.0352,A0026
TVOC,CO2,6,60,0.004,0.0076,A0026
Activity_IR,HeartRate,1,10,0.0239,0.0066,A0026
HeartRate,HeartRate,1,10,0.5025,0.0,A0026
BreathRate,HeartRate,1,10,0.002,0.0176,A0026
StressIndex,HeartRate,1,10,-0.044,0.0064,A0026
Humidity,HeartRate,1,10,0.0108,0.0442,A0026
BreathRate,HeartRate,2,20,-0.0182,0.0081,A0026
CO2,HeartRate,2,20,0.0074,0.0205,A0026
TVOC,HeartRate,2,20,-0.0099,0.037,A0026
Risk_bin,HeartRate,2,20,-0.0434,0.0135,A0026
HeartRate,HeartRate,3,30,0.0312,0.0288,A0026
BreathRate,HeartRate,3,30,0.0066,0.0391,A0026
StressIndex,HeartRate,3,30,-0.0404,0.0284,A0026
Humidity,HeartRate,3,30,0.0015,0.0323,A0026
Risk_bin,HeartRate,3,30,-0.0099,0.0194,A0026
Activity_IR,HeartRate,4,40,-0.026,0.04,A0026
HeartRate,HeartRate,4,40,0.0091,0.0003,A0026
BreathRate,HeartRate,4,40,0.0208,0.001,A0026
StressIndex,HeartRate,4,40,0.0076,0.0001,A0026
Temperature,HeartRate,4,40,-0.0048,0.0149,A0026
CO2,HeartRate,4,40,-0.0033,0.0286,A0026
Risk_bin,HeartRate,4,40,0.0024,0.0448,A0026
HeartRate,HeartRate,5,50,0.0237,0.009,A0026
StressIndex,HeartRate,5,50,-0.0463,0.0095,A0026
Temperature,HeartRate,5,50,-0.0202,0.009,A0026
CO2,HeartRate,5,50,0.0239,0.0057,A0026
TVOC,HeartRate,5,50,0.0241,0.0038,A0026
HeartRate,HeartRate,6,60,-0.0383,0.0033,A0026
StressIndex,HeartRate,6,60,0.0154,0.0185,A0026
Temperature,HeartRate,6,60,-0.0255,0.0102,A0026
Activity_IR,Humidity,1,10,-0.06,0.0004,A0026
HeartRate,Humidity,1,10,-0.0127,0.0201,A0026
StressIndex,Humidity,1,10,-0.0161,0.0285,A0026
Temperature,Humidity,1,10,-0.0656,0.0008,A0026
Humidity,Humidity,1,10,0.6742,0.0,A0026
CO2,Humidity,1,10,0.0007,0.0001,A0026
TVOC,Humidity,1,10,0.071,0.0,A0026
Risk_bin,Humidity,1,10,0.021,0.0056,A0026
Activity_IR,Humidity,2,20,-0.0301,0.0045,A0026
Humidity,Humidity,2,20,-0.0193,0.0031,A0026
CO2,Humidity,2,20,0.0365,0.0027,A0026
TVOC,Humidity,2,20,0.0333,0.0101,A0026
Risk_bin,Humidity,2,20,-0.0172,0.0295,A0026
Activity_IR,Humidity,3,30,-0.0117,0.0014,A0026
Humidity,Humidity,3,30,0.0397,0.0044,A0026
CO2,Humidity,3,30,0.0252,0.0321,A0026
TVOC,Humidity,3,30,0.0242,0.0148,A0026
Risk_bin,Humidity,3,30,0.0127,0.001,A0026
Activity_IR,Humidity,4,40,0.0011,0.0345,A0026
BreathRate,Humidity,4,40,0.036,0.0024,A0026
Temperature,Humidity,4,40,0.0142,0.0131,A0026
Humidity,Humidity,4,40,0.0223,0.0005,A0026
Risk_bin,Humidity,4,40,-0.0233,0.0106,A0026
Activity_IR,Humidity,5,50,0.0515,0.0142,A0026
HeartRate,Humidity,5,50,0.0006,0.0382,A0026
BreathRate,Humidity,5,50,0.0064,0.012,A0026
StressIndex,Humidity,5,50,0.0171,0.0293,A0026
CO2,Humidity,5,50,0.0038,0.0374,A0026
TVOC,Humidity,5,50,0.0045,0.0053,A0026
Activity_IR,Humidity,6,60,0.0004,0.0219,A0026
HeartRate,Humidity,6,60,-0.0335,0.0139,A0026
Humidity,Humidity,6,60,-0.0013,0.0287,A0026
CO2,Humidity,6,60,0.0059,0.0037,A0026
TVOC,Humidity,6,60,0.0043,0.0021,A0026
Risk_bin,Humidity,6,60,0.0051,0.0418,A0026
Activity_IR,Risk_bin,1,10,-0.0785,0.0231,A0026
HeartRate,Risk_bin,1,10,-0.0471,0.0388,A0026
StressIndex,Risk_bin,1,10,-0.0142,0.0354,A0026
Risk_bin,Risk_bin,1,10,0.4736,0.0,A0026
HeartRate,Risk_bin,2,20,-0.0385,0.0153,A0026
Risk_bin,Risk_bin,2,20,0.0863,0.0,A0026
Activity_IR,Risk_bin,3,30,-0.0096,0.0458,A0026
Temperature,Risk_bin,3,30,0.01,0.0275,A0026
Risk_bin,Risk_bin,3,30,0.0977,0.0,A0026
Activity_IR,Risk_bin,4,40,-0.0014,0.0264,A0026
BreathRate,Risk_bin,4,40,-0.0287,0.0129,A0026
StressIndex,Risk_bin,4,40,0.0184,0.0282,A0026
Temperature,Risk_bin,4,40,-0.0236,0.0404,A0026
Humidity,Risk_bin,4,40,0.0135,0.0262,A0026
Risk_bin,Risk_bin,4,40,-0.013,0.0,A0026
BreathRate,Risk_bin,5,50,0.0305,0.0017,A0026
StressIndex,Risk_bin,5,50,0.0122,0.0251,A0026
Temperature,Risk_bin,5,50,-0.0131,0.0451,A0026
Humidity,Risk_bin,5,50,-0.0197,0.0093,A0026
CO2,Risk_bin,5,50,-0.005,0.0015,A0026
TVOC,Risk_bin,5,50,-0.0027,0.0003,A0026
Risk_bin,Risk_bin,5,50,0.0514,0.0,A0026
Activity_IR,Risk_bin,6,60,0.0019,0.0368,A0026
BreathRate,Risk_bin,6,60,-0.0275,0.0066,A0026
StressIndex,Risk_bin,6,60,-0.0279,0.0012,A0026
Humidity,Risk_bin,6,60,-0.0181,0.0146,A0026
CO2,Risk_bin,6,60,-0.0108,0.0088,A0026
TVOC,Risk_bin,6,60,-0.0186,0.0385,A0026
Risk_bin,Risk_bin,6,60,-0.0197,0.0004,A0026
Activity_IR,StressIndex,1,10,-0.0263,0.0185,A0026
HeartRate,StressIndex,1,10,-0.0403,0.0135,A0026
StressIndex,StressIndex,1,10,0.2871,0.0,A0026
Temperature,StressIndex,1,10,0.0023,0.0271,A0026
Activity_IR,StressIndex,2,20,0.0403,0.0127,A0026
HeartRate,StressIndex,2,20,0.0051,0.0087,A0026
BreathRate,StressIndex,2,20,-0.0166,0.0478,A0026
StressIndex,StressIndex,2,20,0.1794,0.0,A0026
TVOC,StressIndex,2,20,-0.0064,0.045,A0026
Risk_bin,StressIndex,2,20,-0.0214,0.0224,A0026
Activity_IR,StressIndex,3,30,0.0073,0.0378,A0026
HeartRate,StressIndex,3,30,-0.0032,0.049,A0026
BreathRate,StressIndex,3,30,-0.0045,0.0099,A0026
StressIndex,StressIndex,3,30,0.0717,0.0069,A0026
BreathRate,StressIndex,4,40,-0.0226,0.0105,A0026
StressIndex,StressIndex,4,40,0.0581,0.0004,A0026
CO2,StressIndex,4,40,-0.0303,0.0279,A0026
TVOC,StressIndex,4,40,-0.0268,0.0037,A0026
Activity_IR,StressIndex,5,50,0.0206,0.0019,A0026
BreathRate,StressIndex,5,50,-0.0346,0.0451,A0026
StressIndex,StressIndex,5,50,0.0626,0.0245,A0026
Activity_IR,StressIndex,6,60,-0.0412,0.0201,A0026
HeartRate,StressIndex,6,60,-0.0105,0.0496,A0026
BreathRate,StressIndex,6,60,0.0125,0.017,A0026
StressIndex,StressIndex,6,60,0.0286,0.0239,A0026
Temperature,StressIndex,6,60,-0.0223,0.0218,A0026
Humidity,StressIndex,6,60,-0.007,0.0211,A0026
CO2,StressIndex,6,60,-0.0448,0.0164,A0026
TVOC,StressIndex,6,60,-0.042,0.0181,A0026
Activity_IR,TVOC,1,10,0.038,0.0009,A0026
HeartRate,TVOC,1,10,-0.0102,0.0062,A0026
Temperature,TVOC,1,10,0.0512,0.0084,A0026
Humidity,TVOC,1,10,-0.0189,0.0103,A0026
CO2,TVOC,1,10,0.08,0.001,A0026
TVOC,TVOC,1,10,-0.0524,0.0012,A0026
Risk_bin,TVOC,1,10,-0.0308,0.0107,A0026
HeartRate,TVOC,2,20,0.0347,0.0,A0026
StressIndex,TVOC,2,20,0.0073,0.0215,A0026
TVOC,TVOC,2,20,-0.0191,0.0306,A0026
Risk_bin,TVOC,2,20,-0.0308,0.0003,A0026
BreathRate,TVOC,3,30,0.0285,0.0013,A0026
StressIndex,TVOC,3,30,0.0059,0.0243,A0026
Risk_bin,TVOC,3,30,-0.049,0.0001,A0026
Activity_IR,TVOC,4,40,-0.0074,0.0047,A0026
StressIndex,TVOC,4,40,0.0264,0.0202,A0026
Temperature,TVOC,4,40,0.0281,0.0127,A0026
HeartRate,TVOC,5,50,-0.0065,0.0227,A0026
BreathRate,TVOC,5,50,0.0162,0.0448,A0026
Humidity,TVOC,5,50,0.0072,0.0338,A0026
Risk_bin,TVOC,5,50,0.0073,0.0223,A0026
HeartRate,TVOC,6,60,0.0169,0.0028,A0026
BreathRate,TVOC,6,60,-0.0097,0.011,A0026
StressIndex,TVOC,6,60,0.0153,0.0023,A0026
CO2,TVOC,6,60,-0.004,0.03,A0026
TVOC,TVOC,6,60,0.0022,0.0259,A0026
Activity_IR,Temperature,1,10,0.1943,0.0,A0026
Temperature,Temperature,1,10,0.7922,0.0,A0026
Humidity,Temperature,1,10,0.2222,0.0,A0026
CO2,Temperature,1,10,0.1052,0.0,A0026
TVOC,Temperature,1,10,0.1118,0.0,A0026
Risk_bin,Temperature,1,10,-0.0388,0.0263,A0026
Activity_IR,Temperature,2,20,-0.1437,0.0,A0026
BreathRate,Temperature,2,20,0.0048,0.033,A0026
Temperature,Temperature,2,20,-0.1711,0.0,A0026
Humidity,Temperature,2,20,-0.0955,0.0,A0026
CO2,Temperature,2,20,-0.0071,0.0001,A0026
TVOC,Temperature,2,20,-0.0047,0.0,A0026
StressIndex,Temperature,3,30,0.0134,0.0169,A0026
Humidity,Temperature,3,30,-0.0336,0.009,A0026
CO2,Temperature,3,30,0.0361,0.0067,A0026
TVOC,Temperature,3,30,0.0351,0.0069,A0026
Risk_bin,Temperature,3,30,-0.0166,0.0497,A0026
Activity_IR,Temperature,4,40,-0.0429,0.0024,A0026
HeartRate,Temperature,4,40,0.0165,0.0252,A0026
BreathRate,Temperature,4,40,0.0066,0.0368,A0026
Temperature,Temperature,4,40,0.0012,0.033,A0026
Humidity,Temperature,4,40,-0.0176,0.0198,A0026
CO2,Temperature,4,40,-0.0062,0.0169,A0026
TVOC,Temperature,4,40,-0.0057,0.0157,A0026
Risk_bin,Temperature,4,40,0.0031,0.0302,A0026
HeartRate,Temperature,5,50,0.0001,0.0401,A0026
StressIndex,Temperature,5,50,-0.0087,0.0142,A0026
Temperature,Temperature,5,50,0.0158,0.0416,A0026
Humidity,Temperature,5,50,-0.0035,0.0115,A0026
CO2,Temperature,5,50,0.0214,0.0451,A0026
Risk_bin,Temperature,5,50,-0.0265,0.0069,A0026
Activity_IR,Temperature,6,60,-0.023,0.0393,A0026
HeartRate,Temperature,6,60,0.0303,0.0029,A0026
StressIndex,Temperature,6,60,0.0001,0.0376,A0026
Humidity,Temperature,6,60,-0.0139,0.0058,A0026
Activity_IR,Activity_IR,1,10,0.5672,0.0,A0027
HeartRate,Activity_IR,1,10,-0.0329,0.0103,A0027
Humidity,Activity_IR,1,10,-0.0234,0.0089,A0027
Activity_IR,Activity_IR,3,30,0.0424,0.0208,A0027
Activity_IR,Activity_IR,4,40,0.0328,0.0049,A0027
CO2,Activity_IR,5,50,0.0229,0.0003,A0027
TVOC,Activity_IR,5,50,0.0173,0.0003,A0027
Humidity,Activity_IR,6,60,-0.0896,0.0005,A0027
HeartRate,BreathRate,1,10,-0.0065,0.0074,A0027
BreathRate,BreathRate,1,10,0.6818,0.0,A0027
StressIndex,BreathRate,1,10,-0.127,0.0,A0027
Risk_bin,BreathRate,1,10,-0.0892,0.0,A0027
HeartRate,BreathRate,2,20,-0.0034,0.0014,A0027
BreathRate,BreathRate,2,20,0.0335,0.0,A0027
StressIndex,BreathRate,2,20,-0.0312,0.0263,A0027
Risk_bin,BreathRate,2,20,0.0782,0.0,A0027
BreathRate,BreathRate,3,30,-0.0361,0.0039,A0027
StressIndex,BreathRate,3,30,-0.0024,0.0137,A0027
Risk_bin,BreathRate,3,30,0.0474,0.003,A0027
HeartRate,BreathRate,4,40,-0.011,0.0176,A0027
BreathRate,BreathRate,4,40,0.1311,0.0,A0027
StressIndex,BreathRate,4,40,-0.0234,0.0001,A0027
CO2,BreathRate,4,40,0.0282,0.0027,A0027
TVOC,BreathRate,4,40,0.0413,0.0001,A0027
Risk_bin,BreathRate,4,40,0.089,0.0,A0027
HeartRate,BreathRate,5,50,-0.0276,0.0041,A0027
BreathRate,BreathRate,5,50,-0.0553,0.0,A0027
StressIndex,BreathRate,5,50,0.039,0.0001,A0027
HeartRate,BreathRate,6,60,-0.008,0.019,A0027
BreathRate,BreathRate,6,60,0.0659,0.0031,A0027
Activity_IR,CO2,1,10,-0.0578,0.0109,A0027
Humidity,CO2,1,10,-0.0924,0.0024,A0027
CO2,CO2,1,10,0.1534,0.0,A0027
TVOC,CO2,1,10,-0.0689,0.001,A0027
Activity_IR,CO2,2,20,-0.0465,0.0414,A0027
Humidity,CO2,2,20,-0.024,0.0338,A0027
Activity_IR,CO2,3,30,0.0493,0.0059,A0027
Temperature,CO2,3,30,0.0648,0.0041,A0027
Humidity,CO2,3,30,-0.026,0.0109,A0027
Activity_IR,CO2,4,40,0.0273,0.0379,A0027
BreathRate,CO2,4,40,0.0051,0.0209,A0027
StressIndex,CO2,5,50,0.0159,0.0439,A0027
Temperature,CO2,5,50,-0.0496,0.0195,A0027
Activity_IR,CO2,6,60,0.0134,0.0059,A0027
BreathRate,CO2,6,60,0.042,0.0265,A0027
HeartRate,HeartRate,1,10,0.6285,0.0,A0027
StressIndex,HeartRate,1,10,-0.0564,0.0074,A0027
HeartRate,HeartRate,2,20,-0.0539,0.0,A0027
HeartRate,HeartRate,3,30,0.0546,0.0,A0027
HeartRate,HeartRate,4,40,0.0188,0.0014,A0027
StressIndex,HeartRate,4,40,0.0353,0.0003,A0027
HeartRate,HeartRate,5,50,0.0305,0.001,A0027
StressIndex,HeartRate,5,50,-0.026,0.0025,A0027
BreathRate,HeartRate,6,60,-0.0145,0.0249,A0027
StressIndex,HeartRate,6,60,-0.0426,0.0011,A0027
Activity_IR,Humidity,1,10,-0.1024,0.0004,A0027
BreathRate,Humidity,1,10,0.05,0.0091,A0027
Humidity,Humidity,1,10,0.6274,0.0,A0027
CO2,Humidity,1,10,0.2447,0.0,A0027
TVOC,Humidity,1,10,-0.0574,0.0,A0027
Activity_IR,Humidity,2,20,-0.0155,0.0427,A0027
Humidity,Humidity,2,20,0.1056,0.0001,A0027
CO2,Humidity,2,20,0.0582,0.0071,A0027
TVOC,Humidity,2,20,0.0231,0.0057,A0027
Temperature,Humidity,3,30,-0.021,0.05,A0027
CO2,Humidity,3,30,0.028,0.0003,A0027
TVOC,Humidity,3,30,0.0387,0.0005,A0027
Activity_IR,Humidity,4,40,0.0282,0.0401,A0027
Humidity,Humidity,4,40,0.0247,0.0291,A0027
CO2,Humidity,4,40,-0.0273,0.0406,A0027
Activity_IR,Humidity,5,50,0.018,0.005,A0027
Temperature,Humidity,5,50,0.0486,0.0067,A0027
CO2,Humidity,6,60,-0.0523,0.0039,A0027
TVOC,Humidity,6,60,-0.0481,0.0027,A0027
Temperature,Risk_bin,1,10,-0.0653,0.0,A0027
Humidity,Risk_bin,4,40,0.0454,0.0044,A0027
BreathRate,Risk_bin,5,50,-0.0459,0.004,A0027
TVOC,Risk_bin,6,60,-0.0322,0.0437,A0027
HeartRate,StressIndex,1,10,-0.0181,0.0,A0027
BreathRate,StressIndex,1,10,-0.061,0.0,A0027
StressIndex,StressIndex,1,10,0.2189,0.0,A0027
HeartRate,StressIndex,2,20,0.0318,0.0,A0027
BreathRate,StressIndex,2,20,-0.0089,0.0,A0027
StressIndex,StressIndex,2,20,0.1539,0.0,A0027
Temperature,StressIndex,2,20,-0.0013,0.0322,A0027
BreathRate,StressIndex,3,30,0.0588,0.0016,A0027
HeartRate,StressIndex,4,40,-0.0108,0.0126,A0027
BreathRate,StressIndex,4,40,0.0277,0.0091,A0027
StressIndex,StressIndex,4,40,-0.0232,0.0002,A0027
BreathRate,StressIndex,5,50,0.0739,0.0017,A0027
StressIndex,StressIndex,5,50,0.0433,0.0001,A0027
BreathRate,StressIndex,6,60,-0.0982,0.0,A0027
Activity_IR,TVOC,1,10,-0.0287,0.0488,A0027
Humidity,TVOC,1,10,-0.083,0.001,A0027
CO2,TVOC,1,10,0.0897,0.0,A0027
TVOC,TVOC,1,10,-0.0197,0.0021,A0027
Temperature,TVOC,3,30,0.0484,0.003,A0027
Humidity,TVOC,3,30,-0.0135,0.0121,A0027
Activity_IR,TVOC,4,40,0.0109,0.0342,A0027
BreathRate,TVOC,4,40,0.0122,0.0148,A0027
StressIndex,TVOC,5,50,0.0156,0.0372,A0027
Temperature,TVOC,5,50,-0.0444,0.0359,A0027
Humidity,TVOC,6,60,0.0127,0.0347,A0027
Activity_IR,Temperature,1,10,0.1745,0.0,A0027
Temperature,Temperature,1,10,0.7752,0.0,A0027
Humidity,Temperature,1,10,0.0497,0.0369,A0027
CO2,Temperature,1,10,0.1246,0.0,A0027
TVOC,Temperature,1,10,-0.0151,0.0027,A0027
Activity_IR,Temperature,2,20,-0.1357,0.0002,A0027
Temperature,Temperature,2,20,-0.1314,0.0,A0027
Humidity,Temperature,2,20,0.0279,0.0423,A0027
CO2,Temperature,2,20,0.0532,0.0168,A0027
CO2,Temperature,3,30,0.0349,0.036,A0027
Activity_IR,Temperature,4,40,-0.0473,0.0475,A0027
Temperature,Temperature,4,40,-0.0326,0.0495,A0027
TVOC,Temperature,4,40,0.0378,0.0127,A0027
BreathRate,Temperature,5,50,0.0287,0.0226,A0027
Humidity,Temperature,5,50,0.0013,0.0412,A0027
TVOC,Temperature,5,50,-0.0071,0.0058,A0027
BreathRate,Temperature,6,60,0.0414,0.0265,A0027
Activity_IR,Activity_IR,1,10,0.3154,0.0,A0028
HeartRate,Activity_IR,1,10,0.0148,0.0023,A0028
Temperature,Activity_IR,1,10,-0.0247,0.0258,A0028
Humidity,Activity_IR,1,10,0.0088,0.0375,A0028
CO2,Activity_IR,1,10,-0.0067,0.0284,A0028
Activity_IR,Activity_IR,2,20,0.0598,0.0007,A0028
HeartRate,Activity_IR,2,20,-0.0168,0.003,A0028
BreathRate,Activity_IR,2,20,-0.0195,0.0033,A0028
CO2,Activity_IR,2,20,-0.0128,0.0057,A0028
TVOC,Activity_IR,2,20,0.0144,0.0268,A0028
Activity_IR,Activity_IR,3,30,0.0249,0.015,A0028
BreathRate,Activity_IR,3,30,0.0202,0.0298,A0028
TVOC,Activity_IR,3,30,0.0096,0.0,A0028
BreathRate,Activity_IR,4,40,0.0085,0.0249,A0028
StressIndex,Activity_IR,4,40,0.012,0.0006,A0028
Temperature,Activity_IR,4,40,0.0084,0.0009,A0028
Humidity,Activity_IR,4,40,-0.0142,0.0275,A0028
Risk_bin,Activity_IR,4,40,0.0156,0.0469,A0028
Activity_IR,Activity_IR,5,50,0.0546,0.0,A0028
HeartRate,Activity_IR,5,50,0.0017,0.008,A0028
BreathRate,Activity_IR,5,50,0.0018,0.0333,A0028
Temperature,Activity_IR,5,50,0.0044,0.0083,A0028
Humidity,Activity_IR,5,50,-0.0035,0.0317,A0028
CO2,Activity_IR,5,50,-0.0037,0.0146,A0028
TVOC,Activity_IR,5,50,-0.0239,0.0371,A0028
Risk_bin,Activity_IR,5,50,-0.0079,0.0002,A0028
HeartRate,Activity_IR,6,60,0.0279,0.0012,A0028
StressIndex,Activity_IR,6,60,0.009,0.0473,A0028
Temperature,Activity_IR,6,60,0.0036,0.0126,A0028
Humidity,Activity_IR,6,60,-0.0086,0.0311,A0028
Activity_IR,BreathRate,1,10,0.0288,0.0324,A0028
HeartRate,BreathRate,1,10,0.0888,0.0,A0028
BreathRate,BreathRate,1,10,0.4534,0.0,A0028
Temperature,BreathRate,1,10,0.0087,0.0063,A0028
Risk_bin,BreathRate,1,10,-0.0221,0.0003,A0028
HeartRate,BreathRate,2,20,0.0354,0.0015,A0028
BreathRate,BreathRate,2,20,0.0751,0.0,A0028
StressIndex,BreathRate,2,20,-0.0053,0.0153,A0028
Temperature,BreathRate,2,20,0.017,0.0276,A0028
HeartRate,BreathRate,3,30,0.0206,0.0333,A0028
BreathRate,BreathRate,3,30,0.0722,0.0,A0028
StressIndex,BreathRate,3,30,0.0005,0.0421,A0028
Temperature,BreathRate,3,30,0.0259,0.0157,A0028
Risk_bin,BreathRate,3,30,-0.0049,0.0176,A0028
HeartRate,BreathRate,4,40,0.028,0.0119,A0028
BreathRate,BreathRate,4,40,0.0024,0.0018,A0028
Temperature,BreathRate,4,40,0.016,0.038,A0028
CO2,BreathRate,4,40,-0.0115,0.017,A0028
Risk_bin,BreathRate,4,40,-0.033,0.0039,A0028
BreathRate,BreathRate,5,50,0.018,0.0,A0028
StressIndex,BreathRate,5,50,-0.0021,0.0082,A0028
Humidity,BreathRate,5,50,-0.0008,0.0229,A0028
CO2,BreathRate,5,50,0.0106,0.0246,A0028
TVOC,BreathRate,5,50,0.0095,0.0362,A0028
HeartRate,BreathRate,6,60,-0.0162,0.0156,A0028
BreathRate,BreathRate,6,60,0.0137,0.0161,A0028
StressIndex,BreathRate,6,60,0.0043,0.0358,A0028
Humidity,BreathRate,6,60,-0.0067,0.0317,A0028
TVOC,BreathRate,6,60,0.0053,0.0478,A0028
Risk_bin,BreathRate,6,60,-0.017,0.0255,A0028
Activity_IR,CO2,1,10,0.0088,0.0071,A0028
HeartRate,CO2,1,10,-0.0031,0.0151,A0028
BreathRate,CO2,1,10,-0.0132,0.016,A0028
StressIndex,CO2,1,10,0.0135,0.0328,A0028
Temperature,CO2,1,10,0.0106,0.022,A0028
CO2,CO2,1,10,0.0115,0.0,A0028
Risk_bin,CO2,1,10,-0.0021,0.0235,A0028
Activity_IR,CO2,2,20,0.0416,0.0,A0028
HeartRate,CO2,2,20,-0.0061,0.0084,A0028
BreathRate,CO2,2,20,0.0038,0.0152,A0028
StressIndex,CO2,2,20,-0.0165,0.0066,A0028
Humidity,CO2,2,20,-0.0161,0.0144,A0028
TVOC,CO2,2,20,0.0075,0.001,A0028
Risk_bin,CO2,2,20,0.0037,0.0207,A0028
HeartRate,CO2,3,30,-0.0015,0.0172,A0028
StressIndex,CO2,3,30,-0.0067,0.0439,A0028
Humidity,CO2,3,30,-0.0059,0.0148,A0028
TVOC,CO2,3,30,0.0281,0.0,A0028
Risk_bin,CO2,3,30,-0.0103,0.0052,A0028
Activity_IR,CO2,4,40,-0.0131,0.0275,A0028
HeartRate,CO2,4,40,0.0118,0.0004,A0028
CO2,CO2,4,40,-0.0116,0.0093,A0028
TVOC,CO2,4,40,0.0072,0.0037,A0028
Activity_IR,CO2,5,50,0.0085,0.0417,A0028
HeartRate,CO2,5,50,0.0019,0.0063,A0028
TVOC,CO2,5,50,-0.0288,0.017,A0028
Activity_IR,CO2,6,60,-0.0048,0.0009,A0028
HeartRate,CO2,6,60,-0.0204,0.0002,A0028
BreathRate,CO2,6,60,-0.0089,0.0121,A0028
Temperature,CO2,6,60,-0.0273,0.0044,A0028
Humidity,CO2,6,60,-0.0326,0.0399,A0028
CO2,CO2,6,60,0.0021,0.042,A0028
TVOC,CO2,6,60,0.0012,0.0177,A0028
Risk_bin,CO2,6,60,-0.0014,0.0231,A0028
Activity_IR,HeartRate,1,10,0.0309,0.0029,A0028
HeartRate,HeartRate,1,10,0.4526,0.0,A0028
BreathRate,HeartRate,1,10,0.0921,0.0002,A0028
Humidity,HeartRate,1,10,-0.0134,0.0294,A0028
CO2,HeartRate,1,10,-0.0235,0.0,A0028
Risk_bin,HeartRate,1,10,-0.0112,0.007,A0028
Activity_IR,HeartRate,2,20,-0.0129,0.0055,A0028
HeartRate,HeartRate,2,20,0.0943,0.0,A0028
BreathRate,HeartRate,2,20,0.0156,0.0004,A0028
StressIndex,HeartRate,2,20,-0.021,0.0006,A0028
Humidity,HeartRate,2,20,0.0076,0.0209,A0028
CO2,HeartRate,2,20,-0.0064,0.0309,A0028
HeartRate,HeartRate,3,30,0.0857,0.0001,A0028
BreathRate,HeartRate,3,30,0.0124,0.0001,A0028
StressIndex,HeartRate,3,30,-0.0033,0.014,A0028
Temperature,HeartRate,3,30,-0.0069,0.0254,A0028
Humidity,HeartRate,3,30,0.0091,0.0347,A0028
TVOC,HeartRate,3,30,0.0328,0.0,A0028
Risk_bin,HeartRate,3,30,-0.0231,0.0086,A0028
Activity_IR,HeartRate,4,40,0.0126,0.0,A0028
HeartRate,HeartRate,4,40,0.032,0.0176,A0028
BreathRate,HeartRate,4,40,-0.0296,0.0007,A0028
Risk_bin,HeartRate,4,40,-0.0102,0.0404,A0028
Activity_IR,HeartRate,5,50,-0.0363,0.0039,A0028
StressIndex,HeartRate,5,50,-0.0174,0.033,A0028
Humidity,HeartRate,5,50,-0.0014,0.0395,A0028
CO2,HeartRate,5,50,-0.0038,0.0174,A0028
TVOC,HeartRate,5,50,0.0082,0.0344,A0028
Risk_bin,HeartRate,5,50,0.0015,0.0007,A0028
Activity_IR,HeartRate,6,60,-0.0223,0.0198,A0028
HeartRate,HeartRate,6,60,0.0097,0.0092,A0028
BreathRate,HeartRate,6,60,-0.0154,0.0002,A0028
StressIndex,HeartRate,6,60,0.0232,0.008,A0028
Humidity,HeartRate,6,60,0.0021,0.0312,A0028
CO2,HeartRate,6,60,-0.0319,0.0218,A0028
Risk_bin,HeartRate,6,60,-0.014,0.0134,A0028
Activity_IR,Humidity,1,10,-0.036,0.0087,A0028
BreathRate,Humidity,1,10,-0.0027,0.008,A0028
Temperature,Humidity,1,10,-0.0538,0.0001,A0028
Humidity,Humidity,1,10,0.7515,0.0,A0028
CO2,Humidity,1,10,0.0777,0.0004,A0028
TVOC,Humidity,1,10,0.0233,0.0022,A0028
Risk_bin,Humidity,1,10,0.0155,0.0189,A0028
Activity_IR,Humidity,2,20,0.0023,0.0384,A0028
HeartRate,Humidity,2,20,-0.0045,0.0047,A0028
Humidity,Humidity,2,20,-0.1444,0.0,A0028
Risk_bin,Humidity,2,20,-0.0045,0.0129,A0028
Activity_IR,Humidity,3,30,0.0125,0.0001,A0028
HeartRate,Humidity,3,30,0.0106,0.0109,A0028
Temperature,Humidity,3,30,0.0053,0.0444,A0028
Humidity,Humidity,3,30,0.0305,0.0001,A0028
Risk_bin,Humidity,3,30,0.0111,0.0069,A0028
Activity_IR,Humidity,4,40,0.0063,0.0026,A0028
HeartRate,Humidity,4,40,0.0105,0.0193,A0028
Temperature,Humidity,4,40,0.0021,0.0299,A0028
Humidity,Humidity,4,40,-0.0136,0.0128,A0028
CO2,Humidity,4,40,-0.0186,0.0306,A0028
TVOC,Humidity,4,40,-0.0192,0.0081,A0028
HeartRate,Humidity,5,50,0.0031,0.0402,A0028
Activity_IR,Humidity,6,60,-0.0154,0.0006,A0028
HeartRate,Humidity,6,60,0.0161,0.0012,A0028
BreathRate,Humidity,6,60,-0.0157,0.0438,A0028
Temperature,Humidity,6,60,0.0068,0.0038,A0028
Humidity,Humidity,6,60,0.0042,0.0391,A0028
Risk_bin,Humidity,6,60,-0.0086,0.0184,A0028
Activity_IR,Risk_bin,1,10,0.0005,0.0248,A0028
HeartRate,Risk_bin,1,10,-0.03,0.0025,A0028
BreathRate,Risk_bin,1,10,-0.0111,0.0027,A0028
Temperature,Risk_bin,1,10,-0.0087,0.0198,A0028
CO2,Risk_bin,1,10,0.0078,0.0217,A0028
TVOC,Risk_bin,1,10,0.0189,0.0156,A0028
Risk_bin,Risk_bin,1,10,0.3948,0.0,A0028
BreathRate,Risk_bin,2,20,-0.0233,0.0067,A0028
StressIndex,Risk_bin,2,20,-0.0207,0.0244,A0028
Temperature,Risk_bin,2,20,-0.0036,0.0186,A0028
CO2,Risk_bin,2,20,-0.0415,0.0003,A0028
TVOC,Risk_bin,2,20,-0.0113,0.0,A0028
Risk_bin,Risk_bin,2,20,0.1061,0.0,A0028
BreathRate,Risk_bin,3,30,-0.025,0.0437,A0028
StressIndex,Risk_bin,3,30,-0.026,0.0037,A0028
TVOC,Risk_bin,3,30,0.0108,0.0039,A0028
Risk_bin,Risk_bin,3,30,0.0314,0.0,A0028
HeartRate,Risk_bin,4,40,-0.0248,0.001,A0028
BreathRate,Risk_bin,4,40,-0.0181,0.0056,A0028
Temperature,Risk_bin,4,40,0.0005,0.0225,A0028
CO2,Risk_bin,4,40,-0.006,0.0003,A0028
TVOC,Risk_bin,4,40,0.0139,0.0006,A0028
Risk_bin,Risk_bin,4,40,0.0082,0.0,A0028
Activity_IR,Risk_bin,5,50,0.028,0.0003,A0028
HeartRate,Risk_bin,5,50,0.0097,0.0186,A0028
BreathRate,Risk_bin,5,50,-0.0146,0.0147,A0028
StressIndex,Risk_bin,5,50,0.0087,0.0449,A0028
CO2,Risk_bin,5,50,-0.0083,0.0069,A0028
TVOC,Risk_bin,5,50,-0.0047,0.0157,A0028
Risk_bin,Risk_bin,5,50,0.0257,0.0,A0028
Temperature,Risk_bin,6,60,-0.0233,0.0065,A0028
CO2,Risk_bin,6,60,-0.0196,0.0383,A0028
TVOC,Risk_bin,6,60,-0.0113,0.0032,A0028
Risk_bin,Risk_bin,6,60,-0.0093,0.0022,A0028
HeartRate,StressIndex,1,10,-0.0558,0.008,A0028
StressIndex,StressIndex,1,10,0.154,0.0,A0028
Activity_IR,StressIndex,2,20,0.008,0.0031,A0028
HeartRate,StressIndex,2,20,-0.0239,0.0283,A0028
StressIndex,StressIndex,2,20,0.0874,0.0,A0028
Temperature,StressIndex,2,20,0.0103,0.0105,A0028
TVOC,StressIndex,2,20,0.0258,0.0448,A0028
Activity_IR,StressIndex,3,30,-0.0331,0.0264,A0028
HeartRate,StressIndex,3,30,-0.0033,0.0438,A0028
BreathRate,StressIndex,3,30,-0.0091,0.0166,A0028
StressIndex,StressIndex,3,30,0.07,0.0001,A0028
Temperature,StressIndex,3,30,-0.0112,0.0185,A0028
Humidity,StressIndex,3,30,-0.0021,0.0183,A0028
Activity_IR,StressIndex,4,40,0.0071,0.011,A0028
HeartRate,StressIndex,4,40,-0.0234,0.0476,A0028
BreathRate,StressIndex,4,40,-0.0099,0.0021,A0028
StressIndex,StressIndex,4,40,0.0592,0.0021,A0028
Humidity,StressIndex,4,40,-0.0188,0.0433,A0028
CO2,StressIndex,4,40,-0.0052,0.0476,A0028
Activity_IR,StressIndex,5,50,-0.0238,0.0183,A0028
HeartRate,StressIndex,5,50,0.001,0.0376,A0028
BreathRate,StressIndex,5,50,0.0066,0.0372,A0028
Temperature,StressIndex,5,50,-0.0123,0.0359,A0028
Humidity,StressIndex,5,50,-0.0011,0.0469,A0028
CO2,StressIndex,5,50,0.0059,0.0066,A0028
TVOC,StressIndex,5,50,-0.0117,0.0158,A0028
Risk_bin,StressIndex,5,50,0.0121,0.031,A0028
StressIndex,StressIndex,6,60,0.0372,0.036,A0028
Risk_bin,StressIndex,6,60,0.0117,0.0173,A0028
Activity_IR,TVOC,1,10,0.0089,0.004,A0028
HeartRate,TVOC,1,10,-0.0013,0.0101,A0028
BreathRate,TVOC,1,10,-0.0194,0.0361,A0028
StressIndex,TVOC,1,10,0.0128,0.0302,A0028
Humidity,TVOC,1,10,0.0127,0.0412,A0028
CO2,TVOC,1,10,0.0059,0.0003,A0028
Risk_bin,TVOC,1,10,-0.003,0.0268,A0028
Activity_IR,TVOC,2,20,0.0389,0.0,A0028
HeartRate,TVOC,2,20,-0.0077,0.0262,A0028
BreathRate,TVOC,2,20,0.0,0.0378,A0028
StressIndex,TVOC,2,20,-0.0146,0.0141,A0028
Humidity,TVOC,2,20,-0.0159,0.0255,A0028
TVOC,TVOC,2,20,0.0021,0.0049,A0028
Risk_bin,TVOC,2,20,0.0101,0.0088,A0028
HeartRate,TVOC,3,30,-0.0062,0.0223,A0028
BreathRate,TVOC,3,30,-0.0045,0.0452,A0028
Humidity,TVOC,3,30,-0.0041,0.02,A0028
CO2,TVOC,3,30,0.0232,0.0244,A0028
TVOC,TVOC,3,30,0.0212,0.0209,A0028
Risk_bin,TVOC,3,30,-0.0106,0.0053,A0028
Activity_IR,TVOC,4,40,-0.013,0.0121,A0028
HeartRate,TVOC,4,40,0.0141,0.0002,A0028
CO2,TVOC,4,40,-0.0122,0.0069,A0028
Activity_IR,TVOC,5,50,0.0085,0.0334,A0028
HeartRate,TVOC,5,50,-0.0018,0.0053,A0028
StressIndex,TVOC,5,50,0.02,0.0374,A0028
TVOC,TVOC,5,50,-0.0239,0.042,A0028
Risk_bin,TVOC,5,50,-0.0203,0.0096,A0028
Activity_IR,TVOC,6,60,-0.0118,0.0019,A0028
HeartRate,TVOC,6,60,-0.0196,0.0002,A0028
Temperature,TVOC,6,60,-0.0207,0.0047,A0028
Humidity,TVOC,6,60,-0.0323,0.0234,A0028
TVOC,TVOC,6,60,-0.0049,0.0255,A0028
Risk_bin,TVOC,6,60,0.0004,0.0139,A0028
Activity_IR,Temperature,1,10,0.0745,0.0,A0028
HeartRate,Temperature,1,10,-0.0319,0.0095,A0028
BreathRate,Temperature,1,10,-0.0177,0.0334,A0028
Temperature,Temperature,1,10,0.7957,0.0,A0028
Humidity,Temperature,1,10,0.0681,0.0,A0028
CO2,Temperature,1,10,0.0068,0.0127,A0028
TVOC,Temperature,1,10,-0.0033,0.0185,A0028
Activity_IR,Temperature,2,20,-0.0468,0.0017,A0028
HeartRate,Temperature,2,20,0.0021,0.0456,A0028
BreathRate,Temperature,2,20,-0.0251,0.0025,A0028
Temperature,Temperature,2,20,-0.1685,0.0,A0028
Humidity,Temperature,2,20,0.0289,0.0015,A0028
CO2,Temperature,2,20,-0.0031,0.0048,A0028
TVOC,Temperature,2,20,-0.0034,0.0097,A0028
HeartRate,Temperature,3,30,0.0043,0.0135,A0028
BreathRate,Temperature,3,30,0.0014,0.0284,A0028
StressIndex,Temperature,3,30,-0.0169,0.0319,A0028
Temperature,Temperature,3,30,-0.0399,0.0021,A0028
Humidity,Temperature,3,30,0.018,0.0309,A0028
CO2,Temperature,3,30,-0.0053,0.048,A0028
TVOC,Temperature,3,30,0.0026,0.0185,A0028
Risk_bin,Temperature,3,30,0.0255,0.0481,A0028
HeartRate,Temperature,4,40,-0.0185,0.0163,A0028
BreathRate,Temperature,4,40,0.0224,0.0069,A0028
Humidity,Temperature,4,40,0.0071,0.0203,A0028
CO2,Temperature,4,40,0.0183,0.0018,A0028
TVOC,Temperature,4,40,0.0003,0.0154,A0028
HeartRate,Temperature,5,50,0.0158,0.0441,A0028
BreathRate,Temperature,5,50,0.0062,0.0062,A0028
StressIndex,Temperature,5,50,0.0026,0.031,A0028
Temperature,Temperature,5,50,-0.025,0.0409,A0028
CO2,Temperature,5,50,-0.0261,0.0251,A0028
TVOC,Temperature,5,50,-0.0215,0.0392,A0028
Temperature,Temperature,6,60,0.005,0.025,A0028
TVOC,Temperature,6,60,0.0104,0.0415,A0028
Activity_IR,Activity_IR,1,10,0.4082,0.0,A0029
CO2,Activity_IR,1,10,-0.0048,0.0444,A0029
Risk_bin,Activity_IR,1,10,-0.0703,0.0032,A0029
Activity_IR,Activity_IR,2,20,0.0956,0.0002,A0029
BreathRate,Activity_IR,2,20,-0.017,0.0092,A0029
Risk_bin,Activity_IR,2,20,-0.0563,0.0074,A0029
Activity_IR,Activity_IR,3,30,0.0156,0.0185,A0029
HeartRate,Activity_IR,3,30,0.0238,0.0014,A0029
Temperature,Activity_IR,3,30,-0.004,0.0126,A0029
Risk_bin,Activity_IR,3,30,-0.0447,0.0106,A0029
Activity_IR,Activity_IR,4,40,-0.0333,0.0105,A0029
StressIndex,Activity_IR,4,40,0.0261,0.0376,A0029
Humidity,Activity_IR,4,40,0.0166,0.0166,A0029
CO2,Activity_IR,4,40,0.0086,0.0033,A0029
TVOC,Activity_IR,4,40,0.0271,0.0009,A0029
Risk_bin,Activity_IR,4,40,-0.0045,0.0184,A0029
Activity_IR,Activity_IR,5,50,-0.0237,0.0186,A0029
Activity_IR,Activity_IR,6,60,-0.0088,0.0122,A0029
HeartRate,Activity_IR,6,60,0.0205,0.0037,A0029
Humidity,Activity_IR,6,60,-0.0024,0.012,A0029
CO2,Activity_IR,6,60,-0.0206,0.0305,A0029
TVOC,Activity_IR,6,60,-0.0259,0.0301,A0029
HeartRate,BreathRate,1,10,0.055,0.0054,A0029
BreathRate,BreathRate,1,10,0.3739,0.0,A0029
Temperature,BreathRate,1,10,-0.0168,0.0042,A0029
BreathRate,BreathRate,2,20,0.0778,0.0,A0029
StressIndex,BreathRate,2,20,0.0238,0.0389,A0029
Temperature,BreathRate,2,20,0.0444,0.0028,A0029
CO2,BreathRate,2,20,0.0209,0.002,A0029
Risk_bin,BreathRate,2,20,0.0092,0.0116,A0029
BreathRate,BreathRate,3,30,0.0187,0.0142,A0029
StressIndex,BreathRate,3,30,-0.0254,0.0269,A0029
Temperature,BreathRate,3,30,0.002,0.0088,A0029
CO2,BreathRate,3,30,-0.0093,0.0475,A0029
HeartRate,BreathRate,4,40,-0.0196,0.0111,A0029
BreathRate,BreathRate,4,40,-0.0087,0.0,A0029
BreathRate,BreathRate,5,50,0.0566,0.0013,A0029
StressIndex,BreathRate,5,50,0.0179,0.0045,A0029
Risk_bin,BreathRate,5,50,-0.0182,0.0484,A0029
BreathRate,BreathRate,6,60,0.0281,0.0134,A0029
Risk_bin,BreathRate,6,60,-0.0275,0.0211,A0029
Activity_IR,CO2,1,10,0.0798,0.0003,A0029
Humidity,CO2,1,10,-0.0029,0.0,A0029
CO2,CO2,1,10,0.0312,0.029,A0029
TVOC,CO2,1,10,-0.0326,0.0071,A0029
Humidity,CO2,2,20,-0.0128,0.0084,A0029
CO2,CO2,2,20,-0.0016,0.0005,A0029
TVOC,CO2,2,20,-0.0492,0.0042,A0029
Activity_IR,CO2,3,30,0.0046,0.0003,A0029
HeartRate,CO2,3,30,-0.0228,0.0163,A0029
Temperature,CO2,3,30,0.0315,0.0045,A0029
Humidity,CO2,3,30,-0.0649,0.0,A0029
Activity_IR,CO2,4,40,-0.0374,0.0068,A0029
Humidity,CO2,4,40,-0.0144,0.0191,A0029
CO2,CO2,4,40,-0.0134,0.0025,A0029
TVOC,CO2,4,40,-0.017,0.0006,A0029
Temperature,CO2,5,50,0.0169,0.0193,A0029
Humidity,CO2,5,50,0.0019,0.0472,A0029
Risk_bin,CO2,5,50,0.0126,0.0217,A0029
Activity_IR,CO2,6,60,-0.0109,0.0244,A0029
HeartRate,CO2,6,60,0.0318,0.0438,A0029
Humidity,CO2,6,60,-0.0266,0.0001,A0029
HeartRate,HeartRate,1,10,0.4498,0.0,A0029
BreathRate,HeartRate,1,10,0.0378,0.0069,A0029
StressIndex,HeartRate,1,10,0.0132,0.0096,A0029
HeartRate,HeartRate,2,20,0.0636,0.0,A0029
TVOC,HeartRate,2,20,-0.0111,0.0472,A0029
HeartRate,HeartRate,3,30,0.0403,0.0329,A0029
Humidity,HeartRate,3,30,0.0136,0.0348,A0029
TVOC,HeartRate,3,30,0.0222,0.0306,A0029
HeartRate,HeartRate,4,40,0.0278,0.0071,A0029
Temperature,HeartRate,4,40,-0.002,0.0315,A0029
Humidity,HeartRate,4,40,-0.014,0.0318,A0029
CO2,HeartRate,4,40,-0.0137,0.0165,A0029
TVOC,HeartRate,4,40,0.0107,0.001,A0029
BreathRate,HeartRate,5,50,-0.0223,0.0499,A0029
TVOC,HeartRate,5,50,-0.0284,0.016,A0029
Risk_bin,HeartRate,5,50,-0.0058,0.0456,A0029
Activity_IR,HeartRate,6,60,-0.0266,0.0387,A0029
HeartRate,HeartRate,6,60,-0.0035,0.0005,A0029
StressIndex,HeartRate,6,60,0.0216,0.0182,A0029
Temperature,HeartRate,6,60,-0.0534,0.0207,A0029
Humidity,HeartRate,6,60,-0.0197,0.0008,A0029
Activity_IR,Humidity,1,10,-0.0258,0.0369,A0029
BreathRate,Humidity,1,10,0.0247,0.0188,A0029
Temperature,Humidity,1,10,-0.126,0.0,A0029
Humidity,Humidity,1,10,0.6937,0.0,A0029
CO2,Humidity,1,10,0.0928,0.0001,A0029
TVOC,Humidity,1,10,0.013,0.0441,A0029
Activity_IR,Humidity,2,20,-0.0391,0.003,A0029
BreathRate,Humidity,2,20,-0.004,0.0411,A0029
Temperature,Humidity,2,20,-0.0292,0.0021,A0029
Humidity,Humidity,2,20,-0.0421,0.003,A0029
Activity_IR,Humidity,3,30,-0.02,0.0211,A0029
StressIndex,Humidity,3,30,-0.0123,0.0189,A0029
Temperature,Humidity,3,30,0.0061,0.0246,A0029
Humidity,Humidity,3,30,0.0298,0.0228,A0029
Activity_IR,Humidity,4,40,-0.0239,0.0012,A0029
StressIndex,Humidity,4,40,0.0171,0.0318,A0029
Risk_bin,Humidity,4,40,-0.009,0.0163,A0029
StressIndex,Humidity,5,50,0.0224,0.0166,A0029
Risk_bin,Humidity,5,50,0.0309,0.0308,A0029
CO2,Humidity,6,60,0.0091,0.0055,A0029
TVOC,Humidity,6,60,0.0015,0.0102,A0029
Risk_bin,Humidity,6,60,0.0213,0.0022,A0029
Activity_IR,Risk_bin,1,10,-0.0557,0.0015,A0029
BreathRate,Risk_bin,1,10,-0.0383,0.0366,A0029
StressIndex,Risk_bin,1,10,-0.0379,0.0093,A0029
Temperature,Risk_bin,1,10,-0.0028,0.0141,A0029
Risk_bin,Risk_bin,1,10,0.4799,0.0,A0029
HeartRate,Risk_bin,2,20,-0.0232,0.0132,A0029
Humidity,Risk_bin,2,20,0.0328,0.0487,A0029
Risk_bin,Risk_bin,2,20,0.1591,0.0,A0029
Activity_IR,Risk_bin,3,30,-0.0265,0.0073,A0029
HeartRate,Risk_bin,3,30,-0.0227,0.0363,A0029
Risk_bin,Risk_bin,3,30,0.0263,0.0,A0029
BreathRate,Risk_bin,4,40,-0.0211,0.0086,A0029
Risk_bin,Risk_bin,4,40,0.0284,0.0054,A0029
HeartRate,Risk_bin,5,50,0.0026,0.034,A0029
Risk_bin,Risk_bin,5,50,0.0376,0.0075,A0029
Risk_bin,Risk_bin,6,60,0.014,0.0076,A0029
HeartRate,StressIndex,1,10,-0.0315,0.025,A0029
BreathRate,StressIndex,1,10,-0.0157,0.0069,A0029
StressIndex,StressIndex,1,10,0.1768,0.0,A0029
Temperature,StressIndex,1,10,0.0061,0.0173,A0029
Humidity,StressIndex,1,10,-0.0084,0.0214,A0029
Activity_IR,StressIndex,2,20,-0.0114,0.0162,A0029
HeartRate,StressIndex,2,20,-0.0513,0.0325,A0029
BreathRate,StressIndex,2,20,0.0063,0.0304,A0029
StressIndex,StressIndex,2,20,0.0908,0.0007,A0029
Temperature,StressIndex,2,20,0.014,0.0003,A0029
Activity_IR,StressIndex,3,30,0.0202,0.0086,A0029
StressIndex,StressIndex,3,30,0.0401,0.0358,A0029
BreathRate,StressIndex,4,40,0.0086,0.0126,A0029
BreathRate,StressIndex,5,50,0.0093,0.0131,A0029
Risk_bin,StressIndex,5,50,0.0195,0.0173,A0029
HeartRate,StressIndex,6,60,-0.0047,0.0424,A0029
StressIndex,StressIndex,6,60,0.0411,0.0173,A0029
Temperature,StressIndex,6,60,-0.0181,0.0237,A0029
Risk_bin,StressIndex,6,60,0.0206,0.0106,A0029
Activity_IR,TVOC,1,10,0.0554,0.0013,A0029
Humidity,TVOC,1,10,0.0272,0.0,A0029
CO2,TVOC,1,10,0.0243,0.0245,A0029
TVOC,TVOC,1,10,0.012,0.0425,A0029
HeartRate,TVOC,2,20,0.0249,0.0363,A0029
BreathRate,TVOC,2,20,0.0115,0.048,A0029
Humidity,TVOC,2,20,0.0258,0.0078,A0029
CO2,TVOC,2,20,0.0109,0.006,A0029
TVOC,TVOC,2,20,-0.0267,0.0213,A0029
Activity_IR,TVOC,3,30,0.0166,0.0,A0029
Temperature,TVOC,3,30,0.0361,0.0,A0029
Humidity,TVOC,3,30,-0.0559,0.0007,A0029
Activity_IR,TVOC,4,40,-0.033,0.0123,A0029
Humidity,TVOC,4,40,0.021,0.0215,A0029
CO2,TVOC,4,40,-0.013,0.0021,A0029
TVOC,TVOC,4,40,-0.0158,0.0006,A0029
Activity_IR,TVOC,6,60,-0.0151,0.0254,A0029
Humidity,TVOC,6,60,-0.0349,0.0,A0029
Activity_IR,Temperature,1,10,0.0511,0.0084,A0029
HeartRate,Temperature,1,10,-0.023,0.0032,A0029
StressIndex,Temperature,1,10,0.008,0.0397,A0029
Temperature,Temperature,1,10,0.7923,0.0,A0029
Humidity,Temperature,1,10,0.1835,0.0,A0029
CO2,Temperature,1,10,0.0639,0.0039,A0029
TVOC,Temperature,1,10,-0.0033,0.0364,A0029
Activity_IR,Temperature,2,20,-0.0605,0.0139,A0029
StressIndex,Temperature,2,20,-0.0048,0.0493,A0029
Temperature,Temperature,2,20,-0.2421,0.0,A0029
Humidity,Temperature,2,20,-0.0076,0.04,A0029
CO2,Temperature,2,20,0.0288,0.0395,A0029
TVOC,Temperature,2,20,0.0186,0.035,A0029
Activity_IR,Temperature,3,30,0.0057,0.0073,A0029
BreathRate,Temperature,3,30,0.0028,0.0149,A0029
Temperature,Temperature,3,30,0.0546,0.0014,A0029
Humidity,Temperature,3,30,0.0239,0.0057,A0029
CO2,Temperature,3,30,0.0253,0.0399,A0029
TVOC,Temperature,3,30,0.0086,0.028,A0029
Activity_IR,Temperature,4,40,-0.0218,0.0145,A0029
Humidity,Temperature,4,40,-0.0256,0.0147,A0029
CO2,Temperature,4,40,0.0056,0.0311,A0029
TVOC,Temperature,4,40,0.0115,0.0367,A0029
Activity_IR,Temperature,5,50,-0.0356,0.0425,A0029
StressIndex,Temperature,5,50,0.031,0.0007,A0029
BreathRate,Temperature,6,60,0.0065,0.0117,A0029
StressIndex,Temperature,6,60,0.0035,0.0242,A0029
Humidity,Temperature,6,60,-0.0369,0.0004,A0029
Activity_IR,Activity_IR,1,10,0.4282,0.0,A0030
HeartRate,Activity_IR,1,10,0.0426,0.0,A0030
StressIndex,Activity_IR,1,10,0.0229,0.0211,A0030
Humidity,Activity_IR,1,10,0.0336,0.0405,A0030
CO2,Activity_IR,1,10,-0.0598,0.0,A0030
TVOC,Activity_IR,1,10,-0.0504,0.0,A0030
Risk_bin,Activity_IR,1,10,-0.0421,0.0492,A0030
Humidity,Activity_IR,2,20,-0.0571,0.0004,A0030
CO2,Activity_IR,2,20,-0.0423,0.0403,A0030
TVOC,Activity_IR,2,20,-0.0421,0.0152,A0030
Activity_IR,Activity_IR,3,30,0.0482,0.0003,A0030
HeartRate,Activity_IR,3,30,0.0336,0.0043,A0030
BreathRate,Activity_IR,3,30,0.0216,0.0235,A0030
Humidity,Activity_IR,3,30,-0.0762,0.0,A0030
TVOC,Activity_IR,3,30,0.0043,0.0237,A0030
Activity_IR,Activity_IR,4,40,-0.0376,0.0397,A0030
HeartRate,Activity_IR,4,40,-0.0082,0.0242,A0030
StressIndex,Activity_IR,4,40,0.0236,0.0016,A0030
Temperature,Activity_IR,4,40,-0.0079,0.022,A0030
Humidity,Activity_IR,4,40,-0.0039,0.001,A0030
BreathRate,Activity_IR,5,50,-0.0244,0.0277,A0030
Temperature,Activity_IR,5,50,-0.014,0.0104,A0030
Humidity,Activity_IR,5,50,-0.0245,0.0228,A0030
HeartRate,Activity_IR,6,60,0.0196,0.0468,A0030
StressIndex,Activity_IR,6,60,0.0118,0.0213,A0030
Temperature,Activity_IR,6,60,0.0315,0.0352,A0030
CO2,Activity_IR,6,60,-0.0153,0.0305,A0030
Risk_bin,Activity_IR,6,60,0.0081,0.0433,A0030
HeartRate,BreathRate,1,10,0.039,0.0042,A0030
BreathRate,BreathRate,1,10,0.3705,0.0,A0030
CO2,BreathRate,1,10,0.0017,0.0311,A0030
TVOC,BreathRate,1,10,0.0035,0.0243,A0030
Risk_bin,BreathRate,1,10,0.0219,0.0075,A0030
HeartRate,BreathRate,2,20,0.0165,0.017,A0030
BreathRate,BreathRate,2,20,0.0917,0.0,A0030
Humidity,BreathRate,2,20,-0.0164,0.0467,A0030
Risk_bin,BreathRate,2,20,-0.0087,0.0303,A0030
HeartRate,BreathRate,3,30,-0.0083,0.0052,A0030
BreathRate,BreathRate,3,30,0.022,0.0262,A0030
Temperature,BreathRate,3,30,-0.0156,0.0129,A0030
Risk_bin,BreathRate,3,30,0.0168,0.0483,A0030
Activity_IR,BreathRate,4,40,-0.0124,0.0105,A0030
Temperature,BreathRate,4,40,0.0171,0.0337,A0030
CO2,BreathRate,4,40,-0.0081,0.0473,A0030
Activity_IR,BreathRate,5,50,-0.0127,0.0233,A0030
BreathRate,BreathRate,5,50,0.0004,0.0006,A0030
CO2,BreathRate,5,50,0.0282,0.0274,A0030
Risk_bin,BreathRate,5,50,-0.0221,0.0382,A0030
HeartRate,BreathRate,6,60,0.0353,0.0006,A0030
BreathRate,BreathRate,6,60,0.0112,0.0003,A0030
Humidity,BreathRate,6,60,-0.0208,0.0199,A0030
CO2,BreathRate,6,60,-0.0132,0.0233,A0030
TVOC,BreathRate,6,60,-0.0065,0.0235,A0030
Activity_IR,CO2,1,10,0.0783,0.0009,A0030
Temperature,CO2,1,10,-0.0817,0.0,A0030
Humidity,CO2,1,10,-0.0466,0.0,A0030
StressIndex,CO2,2,20,0.0281,0.0427,A0030
Temperature,CO2,2,20,0.0377,0.0003,A0030
Humidity,CO2,2,20,0.0006,0.0007,A0030
TVOC,CO2,2,20,-0.0381,0.0455,A0030
Risk_bin,CO2,2,20,-0.0136,0.0446,A0030
Activity_IR,CO2,3,30,0.0169,0.0086,A0030
Humidity,CO2,3,30,-0.0134,0.0,A0030
BreathRate,CO2,4,40,0.018,0.0224,A0030
StressIndex,CO2,4,40,-0.0018,0.0064,A0030
Temperature,CO2,4,40,0.0225,0.0185,A0030
CO2,CO2,4,40,0.0165,0.0013,A0030
TVOC,CO2,4,40,0.0115,0.0001,A0030
Activity_IR,CO2,5,50,-0.0064,0.0182,A0030
BreathRate,CO2,5,50,-0.0234,0.0126,A0030
Humidity,CO2,5,50,-0.003,0.0328,A0030
Risk_bin,CO2,5,50,0.0076,0.0005,A0030
Activity_IR,CO2,6,60,-0.0135,0.0234,A0030
TVOC,CO2,6,60,-0.0302,0.0407,A0030
Risk_bin,CO2,6,60,0.0223,0.0223,A0030
Activity_IR,HeartRate,1,10,0.0529,0.0006,A0030
HeartRate,HeartRate,1,10,0.4093,0.0,A0030
BreathRate,HeartRate,1,10,0.0725,0.0001,A0030
StressIndex,HeartRate,1,10,0.0179,0.025,A0030
Humidity,HeartRate,1,10,-0.0327,0.0191,A0030
CO2,HeartRate,1,10,-0.0167,0.0269,A0030
Risk_bin,HeartRate,1,10,0.0045,0.0464,A0030
HeartRate,HeartRate,2,20,0.1395,0.0,A0030
Temperature,HeartRate,2,20,-0.0143,0.0241,A0030
Humidity,HeartRate,2,20,-0.0294,0.0435,A0030
CO2,HeartRate,2,20,0.0126,0.0495,A0030
HeartRate,HeartRate,3,30,0.0733,0.0,A0030
BreathRate,HeartRate,3,30,-0.0143,0.0406,A0030
StressIndex,HeartRate,3,30,0.0272,0.0093,A0030
Temperature,HeartRate,3,30,-0.029,0.0114,A0030
TVOC,HeartRate,3,30,-0.0084,0.0484,A0030
BreathRate,HeartRate,4,40,0.0106,0.0369,A0030
Humidity,HeartRate,4,40,0.0034,0.0104,A0030
CO2,HeartRate,4,40,-0.0166,0.0362,A0030
HeartRate,HeartRate,5,50,0.0405,0.0062,A0030
BreathRate,HeartRate,5,50,-0.0206,0.0177,A0030
StressIndex,HeartRate,5,50,0.0179,0.0401,A0030
HeartRate,HeartRate,6,60,0.0289,0.0119,A0030
BreathRate,HeartRate,6,60,-0.0039,0.0215,A0030
StressIndex,HeartRate,6,60,0.007,0.0221,A0030
Risk_bin,HeartRate,6,60,0.0052,0.0376,A0030
Activity_IR,Humidity,1,10,-0.04,0.0033,A0030
HeartRate,Humidity,1,10,-0.022,0.0372,A0030
BreathRate,Humidity,1,10,-0.0157,0.0052,A0030
Temperature,Humidity,1,10,-0.1227,0.0,A0030
Humidity,Humidity,1,10,0.7111,0.0,A0030
CO2,Humidity,1,10,0.0742,0.0,A0030
TVOC,Humidity,1,10,0.0298,0.0005,A0030
Temperature,Humidity,2,20,0.029,0.0033,A0030
Humidity,Humidity,2,20,-0.0364,0.0061,A0030
CO2,Humidity,2,20,0.0124,0.0104,A0030
Risk_bin,Humidity,2,20,0.0305,0.0117,A0030
StressIndex,Humidity,3,30,-0.0162,0.0115,A0030
Temperature,Humidity,3,30,0.0274,0.0147,A0030
BreathRate,Humidity,4,40,0.0288,0.0395,A0030
Temperature,Humidity,4,40,0.0364,0.002,A0030
Humidity,Humidity,4,40,0.0365,0.0009,A0030
CO2,Humidity,4,40,-0.0008,0.0021,A0030
TVOC,Humidity,4,40,-0.01,0.0132,A0030
HeartRate,Humidity,5,50,0.0067,0.043,A0030
Temperature,Humidity,5,50,0.0256,0.0118,A0030
Humidity,Humidity,5,50,0.031,0.0002,A0030
Activity_IR,Humidity,6,60,-0.0205,0.0073,A0030
Activity_IR,Risk_bin,1,10,-0.0207,0.048,A0030
BreathRate,Risk_bin,1,10,0.0175,0.0489,A0030
Risk_bin,Risk_bin,1,10,0.3935,0.0,A0030
BreathRate,Risk_bin,2,20,-0.0292,0.0063,A0030
StressIndex,Risk_bin,2,20,-0.0233,0.0196,A0030
Temperature,Risk_bin,2,20,-0.0255,0.0482,A0030
Risk_bin,Risk_bin,2,20,0.1315,0.0,A0030
HeartRate,Risk_bin,3,30,-0.0109,0.0025,A0030
CO2,Risk_bin,3,30,0.0119,0.0382,A0030
Risk_bin,Risk_bin,3,30,0.0824,0.0,A0030
HeartRate,Risk_bin,4,40,0.0273,0.0378,A0030
Risk_bin,Risk_bin,4,40,0.0447,0.0281,A0030
HeartRate,Risk_bin,5,50,0.0334,0.001,A0030
CO2,Risk_bin,5,50,0.0272,0.0167,A0030
BreathRate,Risk_bin,6,60,-0.0253,0.0279,A0030
Humidity,Risk_bin,6,60,-0.0099,0.0375,A0030
Risk_bin,Risk_bin,6,60,0.0402,0.0014,A0030
Activity_IR,StressIndex,1,10,0.0482,0.0039,A0030
BreathRate,StressIndex,1,10,0.0059,0.0014,A0030
StressIndex,StressIndex,1,10,0.1821,0.0,A0030
Temperature,StressIndex,1,10,0.0293,0.0144,A0030
CO2,StressIndex,1,10,-0.0094,0.0116,A0030
BreathRate,StressIndex,2,20,-0.0086,0.027,A0030
StressIndex,StressIndex,2,20,0.0765,0.0,A0030
Temperature,StressIndex,2,20,-0.014,0.0172,A0030
Humidity,StressIndex,2,20,-0.0028,0.0351,A0030
CO2,StressIndex,2,20,-0.0121,0.0077,A0030
TVOC,StressIndex,2,20,-0.0011,0.0418,A0030
HeartRate,StressIndex,3,30,-0.0037,0.0039,A0030
StressIndex,StressIndex,3,30,0.061,0.0001,A0030
TVOC,StressIndex,3,30,0.0078,0.0286,A0030
Activity_IR,StressIndex,4,40,0.0299,0.0189,A0030
HeartRate,StressIndex,4,40,-0.0039,0.0046,A0030
CO2,StressIndex,4,40,-0.0173,0.0476,A0030
TVOC,StressIndex,4,40,-0.0193,0.0304,A0030
BreathRate,StressIndex,5,50,-0.0129,0.0452,A0030
StressIndex,StressIndex,5,50,0.0247,0.016,A0030
CO2,StressIndex,5,50,0.014,0.0086,A0030
TVOC,StressIndex,5,50,0.0111,0.0126,A0030
HeartRate,StressIndex,6,60,0.0013,0.0199,A0030
StressIndex,StressIndex,6,60,-0.0038,0.0414,A0030
Humidity,StressIndex,6,60,-0.0297,0.0029,A0030
Risk_bin,StressIndex,6,60,0.0166,0.0116,A0030
Activity_IR,TVOC,1,10,0.0784,0.0006,A0030
Temperature,TVOC,1,10,-0.078,0.0,A0030
Humidity,TVOC,1,10,-0.0494,0.0002,A0030
Humidity,TVOC,2,20,-0.0123,0.0019,A0030
Activity_IR,TVOC,3,30,0.0152,0.0112,A0030
HeartRate,TVOC,3,30,0.0093,0.0257,A0030
Humidity,TVOC,3,30,-0.0302,0.0,A0030
Risk_bin,TVOC,3,30,-0.0036,0.03,A0030
BreathRate,TVOC,4,40,0.0229,0.0256,A0030
StressIndex,TVOC,4,40,0.0088,0.0046,A0030
CO2,TVOC,4,40,0.0145,0.0024,A0030
TVOC,TVOC,4,40,0.0027,0.0005,A0030
BreathRate,TVOC,5,50,-0.0263,0.0138,A0030
StressIndex,TVOC,5,50,0.0254,0.0233,A0030
Temperature,TVOC,5,50,-0.0416,0.0143,A0030
Risk_bin,TVOC,5,50,0.0142,0.0003,A0030
Activity_IR,TVOC,6,60,-0.0194,0.0249,A0030
Humidity,TVOC,6,60,-0.0231,0.0009,A0030
Risk_bin,TVOC,6,60,0.0262,0.0345,A0030
Activity_IR,Temperature,1,10,0.051,0.0003,A0030
HeartRate,Temperature,1,10,-0.0361,0.0053,A0030
Temperature,Temperature,1,10,0.7812,0.0,A0030
Humidity,Temperature,1,10,0.2709,0.0,A0030
CO2,Temperature,1,10,0.0962,0.0,A0030
TVOC,Temperature,1,10,-0.0227,0.0025,A0030
Activity_IR,Temperature,2,20,-0.1408,0.0,A0030
Temperature,Temperature,2,20,-0.2119,0.0,A0030
Humidity,Temperature,2,20,-0.0595,0.0,A0030
Risk_bin,Temperature,2,20,-0.0063,0.0236,A0030
StressIndex,Temperature,3,30,0.0376,0.0079,A0030
Temperature,Temperature,3,30,0.042,0.0004,A0030
Humidity,Temperature,3,30,-0.0214,0.0176,A0030
Activity_IR,Temperature,4,40,-0.0341,0.0001,A0030
HeartRate,Temperature,4,40,-0.0121,0.0032,A0030
Temperature,Temperature,4,40,0.0003,0.0227,A0030
Humidity,Temperature,4,40,-0.0066,0.012,A0030
Risk_bin,Temperature,4,40,0.0037,0.0292,A0030
Activity_IR,Temperature,5,50,-0.0179,0.0107,A0030
StressIndex,Temperature,5,50,0.0146,0.034,A0030
Humidity,Temperature,5,50,-0.0168,0.0098,A0030
Risk_bin,Temperature,5,50,0.0016,0.015,A0030
BreathRate,Temperature,6,60,0.0144,0.0209,A0030
Temperature,Temperature,6,60,-0.0106,0.0132,A0030
CO2,Temperature,6,60,0.0184,0.046,A0030
Risk_bin,Temperature,6,60,-0.0069,0.0072,A0030
